Ticker,Date,Open,High,Low,Close,Adj Close,Volume
MRNA,1/18/2022,196.914001,198.820007,185.389999,186.610001,186.610001,11030800
MRNA,1/19/2022,188.839996,191.339996,173.410004,174.070007,174.070007,10597600
MRNA,1/20/2022,174.990005,177.470001,166.214996,167.520004,167.520004,11489600
MRNA,1/21/2022,166.229996,171.253998,157.289993,160.070007,160.070007,11801300
MRNA,1/24/2022,153.470001,158,138.169998,157.300003,157.300003,16626800
MRNA,1/25/2022,156.009995,168.259995,150,152.539993,152.539993,11475000
MRNA,1/26/2022,157.990005,165.850006,152.800003,154.960007,154.960007,9295900
MRNA,1/27/2022,157.429993,158.279999,146.539993,148.619995,148.619995,8661700
MRNA,1/28/2022,149.949997,159.869995,146.759995,159.470001,159.470001,6756200
MRNA,1/31/2022,160.050003,170.330002,154.559998,169.330002,169.330002,9292600
MRNA,2/1/2022,175.199997,177.570007,167.289993,172.740005,172.740005,7329800
MRNA,2/2/2022,170.807007,177.199997,163.580002,169.610001,169.610001,5395000
MRNA,2/3/2022,165.070007,170.100006,163.199997,163.949997,163.949997,4490400
MRNA,2/4/2022,165.639999,167.5,160.25,163.009995,163.009995,4375700
MRNA,2/7/2022,162.203003,165.539993,156.270004,160.270004,160.270004,4429300
MRNA,2/8/2022,155.199997,157.169998,147.570007,153.309998,153.309998,7616400
MRNA,2/9/2022,154.369995,164.229996,154.173004,164.029999,164.029999,5621600
MRNA,2/10/2022,158,168.669998,157.539993,160.419998,160.419998,5965400
MRNA,2/11/2022,161.25,168.789993,160.080002,161.320007,161.320007,5249700
MRNA,2/14/2022,157.526001,159.5,138.139999,142.470001,142.470001,16669500
MRNA,2/15/2022,142.490005,152.929993,139.210999,151.119995,151.119995,10899700
MRNA,2/16/2022,147.619995,152.389999,144.5,151.809998,151.809998,5536000
MRNA,2/17/2022,150.199997,154.660004,145.279999,146.360001,146.360001,6182300
MRNA,2/18/2022,147.550003,151.455994,141.309998,145.740005,145.740005,5457100
MRNA,2/22/2022,142.259995,151.199997,141.860001,144.970001,144.970001,6637700
MRNA,2/23/2022,145.169998,145.718994,134,135.729996,135.729996,7822300
MRNA,2/24/2022,139.865005,156.419998,138.119995,156.229996,156.229996,17396000
MRNA,2/25/2022,156.020004,156.190002,147.009995,151.330002,151.330002,7818000
MRNA,2/28/2022,150.979996,155.470001,147.440002,153.600006,153.600006,6601700
MRNA,3/1/2022,152.479996,156.378998,147.919998,149.520004,149.520004,4842200
MRNA,3/2/2022,149.440002,150.570007,140.440002,147.860001,147.860001,5393600
MRNA,3/3/2022,147.899994,149.231995,139.529999,141.520004,141.520004,4623200
MRNA,3/4/2022,140.820007,143.910004,135.910004,136.460007,136.460007,5503000
MRNA,3/7/2022,135.119995,138.399994,126.279999,126.459999,126.459999,6177200
MRNA,3/8/2022,125,136.960007,122.010002,129.279999,129.279999,6675700
MRNA,3/9/2022,132.074997,145.279999,132.050003,142.490005,142.490005,9533900
MRNA,3/10/2022,139.509995,140.830002,135.850006,139.520004,139.520004,5557100
MRNA,3/11/2022,140.75,145.800003,138,138.199997,138.199997,5356400
MRNA,3/14/2022,140.199997,166.75,139.729996,150.070007,150.070007,22841100
MRNA,3/15/2022,156.270004,158,141.75,148.119995,148.119995,13191500
MRNA,3/16/2022,150,169.800003,149.669998,169.360001,169.360001,14087400
MRNA,3/17/2022,167.75,172.136993,160.660004,168.259995,168.259995,7786200
MRNA,3/18/2022,171.580002,180.800003,170.100006,178.929993,178.929993,12529400
MRNA,3/21/2022,179.910004,182.600006,172.440002,175.380005,175.380005,6015600
MRNA,3/22/2022,175.380005,188,168.179993,186.720001,186.720001,8568000
MRNA,3/23/2022,184.660004,185.75,176.800003,178.729996,178.729996,7317200
MRNA,3/24/2022,175.839996,181.860001,172.350006,179.679993,179.679993,6317300
MRNA,3/25/2022,178.25,179.190002,163.031006,165.919998,165.919998,8292800
MRNA,3/28/2022,167.369995,174.449997,165.800003,173.080002,173.080002,6437400
MRNA,3/29/2022,174.070007,182.100006,171.029999,180.639999,180.639999,7226300
MRNA,3/30/2022,182.570007,187.710007,172.770004,174.919998,174.919998,7029000
MRNA,3/31/2022,175.220001,178.436996,171.110001,172.259995,172.259995,5683500
MRNA,4/1/2022,173.350006,179.029999,170.600006,176.589996,176.589996,4913700
MRNA,4/4/2022,177.240005,180.869995,171.070007,172.539993,172.539993,5908600
MRNA,4/5/2022,169.25,172.395004,160.429993,162.050003,162.050003,6653000
MRNA,4/6/2022,157.479996,161.639999,150.705002,154.619995,154.619995,7409800
MRNA,4/7/2022,153.130005,159.774002,151.389999,159,159,5726300
MRNA,4/8/2022,156.789993,165.179993,156.600006,160.839996,160.839996,5456500
MRNA,4/11/2022,156,163.350006,152.100006,160,160,5226700
MRNA,4/12/2022,158.990005,164.778,157,159.5,159.5,5040800
MRNA,4/13/2022,158.369995,172.460007,155.690002,169.660004,169.660004,6735300
MRNA,4/14/2022,168.589996,170.75,164.850006,165.490005,165.490005,4348300
MRNA,4/18/2022,165,165.889999,154.270004,154.75,154.75,4826000
MRNA,4/19/2022,151.770004,153.669998,147.229996,152.720001,152.720001,6561400
MRNA,4/20/2022,152.970001,153.669998,146.559998,150.119995,150.119995,3925600
MRNA,4/21/2022,149.429993,154.710007,144.029999,144.5,144.5,3911700
MRNA,4/22/2022,143.229996,148.809998,139.865005,140.339996,140.339996,4114100
MRNA,4/25/2022,139.899994,151.369995,139.399994,150.410004,150.410004,6101000
MRNA,4/26/2022,148.479996,151.740005,143.990005,145.789993,145.789993,5155100
MRNA,4/27/2022,146.089996,149.850006,139.309998,142.429993,142.429993,4716700
MRNA,4/28/2022,143.729996,148.449997,136.085007,142.520004,142.520004,5678900
MRNA,4/29/2022,144.470001,150.350006,134.190002,134.410004,134.410004,7103100
MRNA,5/2/2022,134.869995,146.449997,134.820007,142.080002,142.080002,7773200
MRNA,5/3/2022,141.929993,149.279999,137.529999,146.539993,146.539993,6326000
MRNA,5/4/2022,153.479996,155.460007,142.227997,155.050003,155.050003,11093100
MRNA,5/5/2022,151.869995,152,138.649994,142.020004,142.020004,8060900
MRNA,5/6/2022,139.699997,140.600006,131,134.399994,134.399994,7013000
MRNA,5/9/2022,132.789993,141.653,131.779999,135.800003,135.800003,9625800
MRNA,5/10/2022,137.399994,139.054993,127.610001,132.320007,132.320007,8180200
MRNA,5/11/2022,130.740005,134.910004,122.720001,123.43,123.43,7409300
MRNA,5/12/2022,120.599998,132.936996,119.010002,130.169998,130.169998,7106700
MRNA,5/13/2022,132.309998,141.649994,132.309998,137.910004,137.910004,6494700
MRNA,5/16/2022,135.869995,141.600006,133.820007,136.259995,136.259995,4535600
MRNA,5/17/2022,137.520004,143.889999,136.089996,142.279999,142.279999,5960700
MRNA,5/18/2022,138.410004,144.130005,136.289993,137.710007,137.710007,4977800
MRNA,5/19/2022,140.869995,148.5,140.460007,143.380005,143.380005,7708100
MRNA,5/20/2022,143.070007,144.770004,131.350006,136.25,136.25,5882500
MRNA,5/23/2022,137.600006,141.309998,136.235001,137.619995,137.619995,4284400
MRNA,5/24/2022,136.235001,136.600006,126.769997,132.059998,132.059998,6154300
MRNA,5/25/2022,130.979996,133,126.279999,130.850006,130.850006,5343300
MRNA,5/26/2022,130.850006,136.139999,126.529999,135.800003,135.800003,5155600
MRNA,5/27/2022,137.380005,148.539993,136.589996,147.660004,147.660004,7590700
MRNA,5/31/2022,145.054993,149.440002,142.740005,145.330002,145.330002,8343900
MRNA,6/1/2022,146.089996,149.080002,140.869995,143.399994,143.399994,3646600
MRNA,6/2/2022,140.199997,142.5,130.919998,140.179993,140.179993,7148000
MRNA,6/3/2022,139.580002,143.380005,135.070007,137.149994,137.149994,4059300
MRNA,6/6/2022,137.990005,143,136.710007,140,140,3140000
MRNA,6/7/2022,139.369995,146.354996,137.960007,145.339996,145.339996,4072500
MRNA,6/8/2022,147.470001,152.729996,146.75,148.529999,148.529999,4711300
MRNA,6/9/2022,148.460007,148.740005,134,134.039993,134.039993,7534000
MRNA,6/10/2022,132.889999,134.690002,124.529999,127.120003,127.120003,6259000
MRNA,6/13/2022,122.709999,124.779999,115.610001,117.129997,117.129997,6700700
MRNA,6/14/2022,117.260002,123.150002,115.889999,121.559998,121.559998,5499100
MRNA,6/15/2022,122.440002,131.380005,122.440002,128.529999,128.529999,6965000
MRNA,6/16/2022,124.379997,125.254997,118.059998,121.080002,121.080002,5720000
MRNA,6/17/2022,120.730003,128.770004,120.199997,128.029999,128.029999,8356000
MRNA,6/21/2022,130.494995,134.574997,129.669998,129.990005,129.990005,4321400
MRNA,6/22/2022,127.5,139.899994,126.589996,136.070007,136.070007,6044000
MRNA,6/23/2022,136.039993,143.660004,132.800003,143.259995,143.259995,4721200
MRNA,6/24/2022,143.990005,144.889999,138.220001,144.270004,144.270004,8480500
MRNA,6/27/2022,143,146.399994,138.490005,145.360001,145.360001,4392800
MRNA,6/28/2022,143.399994,149.789993,140.949997,142.190002,142.190002,3984900
MRNA,6/29/2022,140.425003,144.360001,138.617996,142.809998,142.809998,2908100
MRNA,6/30/2022,143.399994,147.350006,135.520004,142.850006,142.850006,5631700
MRNA,7/1/2022,141.929993,151.100006,139.539993,149.949997,149.949997,4838200
MRNA,7/5/2022,148.660004,158.789993,146.839996,155.539993,155.539993,6013700
MRNA,7/6/2022,154.509995,161.009995,150.399994,159.559998,159.559998,4955600
MRNA,7/7/2022,159.5,173.660004,159.380005,172.399994,172.399994,7626000
MRNA,7/8/2022,170.720001,180.729996,170.360001,176.229996,176.229996,7547200
MRNA,7/11/2022,173.509995,180.479996,171.289993,175.259995,175.259995,6587200
MRNA,7/12/2022,174.729996,176.899994,170.160004,173.25,173.25,5141500
MRNA,7/13/2022,168.880005,176.649994,167.149994,171.240005,171.240005,4075800
MRNA,7/14/2022,169.240005,170.862,155.929993,159.919998,159.919998,6759000
MRNA,7/15/2022,161,167,155.929993,166.910004,166.910004,4272900
MRNA,7/18/2022,169.110001,172.729996,162.559998,163.399994,163.399994,3515400
MRNA,7/19/2022,166.759995,167.979996,161.270004,167.139999,167.139999,3006500
MRNA,7/20/2022,167,172.509995,163.919998,166.889999,166.889999,2888900
MRNA,7/21/2022,165.360001,171.889999,165.25,168.889999,168.889999,2518400
MRNA,7/22/2022,170,171.104996,161.434998,163.520004,163.520004,2925000
MRNA,7/25/2022,162.75,167.268005,159.130005,165.690002,165.690002,2488500
MRNA,7/26/2022,166.300003,166.300003,159.904999,160.899994,160.899994,2884700
MRNA,7/27/2022,161,161.281998,154.100006,158.020004,158.020004,4285000
MRNA,7/28/2022,157,158.809998,151.729996,158.070007,158.070007,3494600
MRNA,7/29/2022,161.440002,164.600006,159.440002,164.089996,164.089996,3859000
MRNA,8/1/2022,163.850006,166.179001,160.059998,161.509995,161.509995,3794000
MRNA,8/2/2022,161.029999,165.289993,160.759995,160.809998,160.809998,3522800
MRNA,8/3/2022,167.740005,189.330002,167.740005,186.490005,186.490005,13750900
MRNA,8/4/2022,185.75,197.440002,185.470001,194.179993,194.179993,6877000
MRNA,8/5/2022,189.270996,192.399994,182.259995,186.839996,186.839996,5426000
MRNA,8/8/2022,185.199997,190.279999,180.089996,182.940002,182.940002,4078600
MRNA,8/9/2022,176.009995,180.710007,169.201996,171.139999,171.139999,5082500
MRNA,8/10/2022,174.089996,176.679993,169.820007,174.270004,174.270004,3550300
MRNA,8/11/2022,174.434998,179.850006,171.059998,171.809998,171.809998,3340500
MRNA,8/12/2022,172.679993,173.949997,168.639999,171.179993,171.179993,2818000
MRNA,8/15/2022,172.850006,179.330002,171.850006,176.779999,176.779999,4884000
MRNA,8/16/2022,176,180.130005,166.604996,167.960007,167.960007,5053600
MRNA,8/17/2022,165.044998,167.619995,157.679993,158,158,5518200
MRNA,8/18/2022,157,158.509995,148.259995,150,150,7043400
MRNA,8/19/2022,147.639999,150.75,144.990005,146.100006,146.100006,4688300
MRNA,8/22/2022,145.25,148.880005,141.570007,142.470001,142.470001,4488900
MRNA,8/23/2022,141.699997,144.807999,139.210007,143.779999,143.779999,3677600
MRNA,8/24/2022,142.660004,144.220001,140.630005,141.429993,141.429993,3486400
MRNA,8/25/2022,142.25,142.279999,137.779999,142.050003,142.050003,3422800
MRNA,8/26/2022,142.800003,145.5,136.660004,136.699997,136.699997,3997200
MRNA,8/29/2022,135.089996,139.369995,135,137.259995,137.259995,3239000
MRNA,8/30/2022,137.899994,138,132.817993,135.929993,135.929993,3607100
MRNA,8/31/2022,136.949997,139.880005,131.710007,132.270004,132.270004,4396500
MRNA,9/1/2022,131.130005,139,130.110001,138.949997,138.949997,6664800
MRNA,9/2/2022,140.360001,140.929993,137.468994,138.570007,138.570007,5267700
MRNA,9/6/2022,138,138.399994,129.820007,130.080002,130.080002,5871400
MRNA,9/7/2022,129.679993,135.100006,129.580002,134.899994,134.899994,3967600
MRNA,9/8/2022,136.699997,142.259995,136.100006,141.279999,141.279999,5053500
MRNA,9/9/2022,142.039993,142.649994,138.059998,142.279999,142.279999,3499100
MRNA,9/12/2022,142,144.787994,139.759995,140.320007,140.320007,3442200
MRNA,9/13/2022,136.059998,138.229996,131.050003,131.300003,131.300003,4907200
MRNA,9/14/2022,134.009995,141.820007,133.589996,139.399994,139.399994,7904900
MRNA,9/15/2022,138.610001,139.839996,135.580002,135.860001,135.860001,4359800
MRNA,9/16/2022,134.369995,139.880005,133.759995,137.740005,137.740005,7562400
MRNA,9/19/2022,135.699997,135.990005,123.684998,127.900002,127.900002,11469100
MRNA,9/20/2022,125.800003,134.350006,125.790001,129.705002,129.705002,8551100
MRNA,9/21/2022,130.369995,131.789993,125.68,125.760002,125.760002,3852900
MRNA,9/22/2022,124.316002,126.080002,122.900002,124.32,124.32,3466300
MRNA,9/23/2022,122.809998,125.010002,121.25,123.639999,123.639999,3942600
MRNA,9/26/2022,123.339996,125.879997,119.559998,119.690002,119.690002,3824700
MRNA,9/27/2022,120.580002,125.160004,120.25,122.230003,122.230003,3798000
MRNA,9/28/2022,123.580002,126.290001,121.82,122.150002,122.150002,4245900
MRNA,9/29/2022,119.900002,120.580002,115.029999,118.07,118.07,4755200
MRNA,9/30/2022,118.440002,122.580002,118.080002,118.25,118.25,3856000
MRNA,10/3/2022,119.32,122.398003,115.410004,120.989998,120.989998,3812200
MRNA,10/4/2022,123.669998,126.410004,123.5,125.669998,125.669998,3464300
MRNA,10/5/2022,122.400002,126.739998,121.610001,125.620003,125.620003,2277600
MRNA,10/6/2022,124.779999,127.639999,122.93,125.150002,125.150002,2363400
MRNA,10/7/2022,121.5,123.360001,118.459999,119.32,119.32,3158400
MRNA,10/10/2022,119.32,125.25,118.470001,123.419998,123.419998,3824100
MRNA,10/11/2022,123.290001,124.779999,118.940002,120.720001,120.720001,2963700
MRNA,10/12/2022,135.554993,141.470001,129.610001,130.720001,130.720001,17676000
MRNA,10/13/2022,126.360001,136.119995,126.190002,134.720001,134.720001,5068100
MRNA,10/14/2022,135.679993,136.160004,131.315002,134,134,4579800
MRNA,10/17/2022,135.520004,140.320007,133,139.25,139.25,4638400
MRNA,10/18/2022,140.740005,141,132.389999,134.089996,134.089996,5096200
MRNA,10/19/2022,132.5,133.289993,122.919998,123.519997,123.519997,6024500
MRNA,10/20/2022,122.940002,124.690002,118.309998,118.379997,118.379997,5497700
MRNA,10/21/2022,123.769997,130.300003,122.029999,128.320007,128.320007,8129300
MRNA,10/24/2022,127.489998,133.960007,126.720001,133.020004,133.020004,4102700
MRNA,10/25/2022,134,138.350006,133.001007,136.570007,136.570007,4345300
MRNA,10/26/2022,137.25,147.679993,137.020004,142,142,5733700
MRNA,10/27/2022,143.380005,146.25,140.800003,144.110001,144.110001,3672400
MRNA,10/28/2022,142.839996,151.190002,142.839996,150.970001,150.970001,4567900
MRNA,10/31/2022,149.429993,154.339996,148.570007,150.330002,150.330002,3675200
MRNA,11/1/2022,154.770004,158.880005,152.410004,154.619995,154.619995,4344300
MRNA,11/2/2022,154.199997,156.179993,148.300003,148.619995,148.619995,5048400
MRNA,11/3/2022,138.759995,150.746002,135.089996,147.5,147.5,9194400
MRNA,11/4/2022,149.619995,160.740005,143.645004,158.410004,158.410004,8108500
MRNA,11/7/2022,158.460007,165.490005,155.809998,164.039993,164.039993,4858500
MRNA,11/8/2022,162.460007,167.490005,159.059998,164.610001,164.610001,3389200
MRNA,11/9/2022,162.5,169.830002,162.350006,163.210007,163.210007,3813800
MRNA,11/10/2022,164.524994,169.279999,161.710007,168.559998,168.559998,4886100
MRNA,11/11/2022,168.309998,172.134995,162.740005,171.199997,171.199997,3611600
MRNA,11/14/2022,169.270004,184.240005,169.270004,179.029999,179.029999,6662500
MRNA,11/15/2022,180.660004,187.869995,178.350006,185.470001,185.470001,5159000
MRNA,11/16/2022,184.440002,188.649994,182.880005,185.25,185.25,4030000
MRNA,11/17/2022,181.330002,184.440002,178.979996,183.899994,183.899994,3372400
MRNA,11/18/2022,184,188.449997,181.220001,181.589996,181.589996,3549500
MRNA,11/21/2022,179.710007,180.789993,175.169998,176.75,176.75,3100100
MRNA,11/22/2022,176.080002,179.830002,170.270004,179.589996,179.589996,3307100
MRNA,11/23/2022,178.009995,179.360001,174.580002,176.809998,176.809998,2311800
MRNA,11/25/2022,175.009995,179.139999,173.410004,176.399994,176.399994,1221100
MRNA,11/28/2022,177.089996,184.220001,174.669998,175.380005,175.380005,3748500
MRNA,11/29/2022,176.149994,179,171.529999,173.149994,173.149994,2840900
MRNA,11/30/2022,173.520004,176.75,169.059998,175.910004,175.910004,3720200
MRNA,12/1/2022,173.410004,185.899994,172.380005,181.479996,181.479996,4872000
MRNA,12/2/2022,178.5,182.800003,177,182.350006,182.350006,2765400
MRNA,12/5/2022,180.990005,183.684998,173.589996,175.929993,175.929993,3525400
MRNA,12/6/2022,175.020004,175.779999,169.699997,173.539993,173.539993,3392300
MRNA,12/7/2022,172.309998,180.384995,171.850006,179,179,3579300
MRNA,12/8/2022,179.119995,185.210007,177.520004,184.699997,184.699997,3414000
MRNA,12/9/2022,185,185.408997,177.100006,177.350006,177.350006,3497800
MRNA,12/12/2022,175.529999,175.772995,162.779999,165.130005,165.130005,5202200
MRNA,12/13/2022,187.330002,208.520004,184.020004,197.539993,197.539993,26239600
MRNA,12/14/2022,195.080002,217.25,192.541,208.949997,208.949997,21435200
MRNA,12/15/2022,207.610001,212.440002,202.089996,207.25,207.25,9641000
MRNA,12/16/2022,206.369995,209.850006,190.619995,193.289993,193.289993,11819400
MRNA,12/19/2022,200,204,187.860001,189.889999,189.889999,6953300
MRNA,12/20/2022,189,204.220001,187.539993,201.160004,201.160004,9561800
MRNA,12/21/2022,201.850006,210.220001,199.75,210.039993,210.039993,7584000
MRNA,12/22/2022,209.820007,212.470001,201.610001,208.339996,208.339996,5374600
MRNA,12/23/2022,206.690002,208.990005,197.559998,199.080002,199.080002,6166000
MRNA,12/27/2022,199.899994,201.429993,179.830002,180.169998,180.169998,6736000
MRNA,12/28/2022,180,183.75,174.509995,176.5,176.5,5525600
MRNA,12/29/2022,178.190002,182.5,175.399994,178.860001,178.860001,3746800
MRNA,12/30/2022,176.220001,179.690002,172.309998,179.619995,179.619995,3428800
MRNA,1/3/2023,180.850006,184.389999,178.229996,178.990005,178.990005,4027900
MRNA,1/4/2023,182.419998,183.610001,175.630005,177.360001,177.360001,2840900
MRNA,1/5/2023,174.800003,175.514008,171.600006,173.509995,173.509995,3050600
MRNA,1/6/2023,174.960007,181.740005,171.399994,180.350006,180.350006,3573100
MRNA,1/9/2023,181.800003,188.360001,177.270004,183.949997,183.949997,4344000
MRNA,1/10/2023,182.699997,189.809998,181.503006,189.649994,189.649994,2457900
MRNA,1/11/2023,188.570007,189.649994,182.667999,186.639999,186.639999,3152700
MRNA,1/12/2023,186.539993,189.289993,179.149994,188.059998,188.059998,3881600
MRNA,1/13/2023,185.080002,192.119995,185.050003,192,192,3226700
MRNA,1/17/2023,187.895004,194.630005,187.639999,190.690002,190.690002,3722100
KHC,1/18/2022,37.970001,38.080002,37.060001,37.43,35.916847,7062200
KHC,1/19/2022,37.540001,37.689999,37.075001,37.220001,35.715336,5076500
KHC,1/20/2022,37.369999,37.560001,36.952999,37.060001,35.561806,5274100
KHC,1/21/2022,37.209999,37.645,36.900002,37,35.50423,7544700
KHC,1/24/2022,36.959999,37.189999,35.52,36.389999,34.918892,12053700
KHC,1/25/2022,36.130001,36.404999,35.66,36.209999,34.746162,7115700
KHC,1/26/2022,36.189999,36.880001,35.855,36.040001,34.583042,7220400
KHC,1/27/2022,36.139999,36.985001,35.959999,36.09,34.631016,6138800
KHC,1/28/2022,35.799999,36.07,35.27,36.049999,34.592636,7069800
KHC,1/31/2022,35.709999,35.950001,35.200001,35.799999,34.352737,10230800
KHC,2/1/2022,35.650002,36.209999,35.450001,36.130001,34.669399,5978100
KHC,2/2/2022,36.245998,36.509998,35.75,36.380001,34.909298,7375900
KHC,2/3/2022,36.457001,36.650002,35.744999,35.84,34.391125,7982900
KHC,2/4/2022,35.610001,35.84,34.700001,34.75,33.345188,12949000
KHC,2/7/2022,34.801998,35.009998,34.43,34.720001,33.316402,6537000
KHC,2/8/2022,34.849998,35.119999,34.650002,34.939999,33.527504,5424900
KHC,2/9/2022,35.07,35.285,34.845001,34.950001,33.537106,5993700
KHC,2/10/2022,34.810001,34.990002,34.195,34.290001,32.903786,6823500
KHC,2/11/2022,34.355,34.950001,34.259998,34.73,33.325996,7097800
KHC,2/14/2022,34.799999,34.959999,34.07,34.59,33.191658,7007300
KHC,2/15/2022,34.720001,34.958,34.470001,34.68,33.278019,7912500
KHC,2/16/2022,35.301998,37.150002,35.049999,36.619999,35.139591,14217200
KHC,2/17/2022,36.525002,37.845001,36.299999,37.790001,36.262295,14990500
KHC,2/18/2022,37.860001,39.095001,37.82,38.459999,36.905209,14464500
KHC,2/22/2022,38.346001,40.439999,38.060001,40.400002,38.766781,21506600
KHC,2/23/2022,40.450001,40.577,39.849998,40.099998,38.478909,13844200
KHC,2/24/2022,39.43,39.68,38.119999,38.98,37.404182,12733700
KHC,2/25/2022,39.18,40.095001,39.18,39.73,38.123867,7638900
KHC,2/28/2022,38.880001,39.290001,38.75,39.220001,37.634487,7291600
KHC,3/1/2022,38.98,39.240002,38.380001,38.68,37.116318,6808100
KHC,3/2/2022,38.630001,39.310001,38.209999,39.07,37.490543,7331700
KHC,3/3/2022,39.32,40.060001,39.299999,39.950001,38.334972,9223100
KHC,3/4/2022,39.450001,40.169998,39.139999,39.84,38.22942,6585500
KHC,3/7/2022,39.490002,40.869999,39.259998,40.150002,38.526886,9906700
KHC,3/8/2022,39.903999,40.459999,38.605,38.66,37.097118,8977400
KHC,3/9/2022,39.110001,39.290001,38.080002,38.18,36.636528,10448500
KHC,3/10/2022,37.509998,37.84,37.150002,37.540001,36.403793,5216500
KHC,3/11/2022,37.73,38.174999,37.325001,37.360001,36.229237,4722600
KHC,3/14/2022,37.549999,37.959999,37.32,37.689999,36.549252,6295200
KHC,3/15/2022,37.73,38.355,37.490002,37.82,36.675316,7324500
KHC,3/16/2022,37.740002,37.810001,37.16,37.68,36.539555,5733900
KHC,3/17/2022,37.68,37.880001,37.240002,37.75,36.607437,4390100
KHC,3/18/2022,37.419998,37.669998,37.075001,37.619999,36.481373,9386500
KHC,3/21/2022,37.59,37.939999,37.450001,37.619999,36.481373,5030500
KHC,3/22/2022,37.84,37.98,37.535,37.950001,36.80138,5495500
KHC,3/23/2022,38.279999,38.650002,38,38.279999,37.121391,5893400
KHC,3/24/2022,38.27,38.73,38.111,38.630001,37.4608,4540000
KHC,3/25/2022,38.669998,39.360001,38.599998,39.290001,38.100826,5057600
KHC,3/28/2022,39.34,39.419998,38.759998,39.389999,38.1978,3517200
KHC,3/29/2022,39.48,39.560001,38.990002,39.369999,38.178402,4974500
KHC,3/30/2022,39.27,39.41,38.889999,39.400002,38.207497,4439200
KHC,3/31/2022,39.400002,39.669998,39.18,39.389999,38.1978,5208300
KHC,4/1/2022,39.514999,39.959999,39.080002,39.93,38.721455,4798600
KHC,4/4/2022,39.810001,39.950001,38.900002,39.889999,38.682667,3980900
KHC,4/5/2022,39.93,40.259998,39.490002,39.59,38.391747,5432700
KHC,4/6/2022,39.59,40.325001,39.529999,40.040001,38.828125,5481100
KHC,4/7/2022,40.139999,41.990002,39.82,40.310001,39.089954,8079000
KHC,4/8/2022,40.5,41.119999,40.220001,40.939999,39.700882,6556100
KHC,4/11/2022,41.299999,41.66,40.98,41.25,40.001499,7380400
KHC,4/12/2022,41.189999,41.529999,40.889999,41.119999,39.875435,5058500
KHC,4/13/2022,41.049999,42.060001,41.049999,42,40.728802,8202900
KHC,4/14/2022,42.025002,42.426998,41.950001,42.290001,41.010029,7309200
KHC,4/18/2022,42.275002,42.415001,41.889999,42.16,40.883965,5822900
KHC,4/19/2022,42.09,42.720001,41.969002,42.610001,41.320339,5835000
KHC,4/20/2022,42.669998,43.450001,42.560001,43.349998,42.037941,5487400
KHC,4/21/2022,43.330002,44.48,43.240002,44,42.66827,9219400
KHC,4/22/2022,44.02,44.290001,43.150002,43.18,41.873089,7307700
KHC,4/25/2022,43.060001,43.169998,42.07,43.040001,41.737328,6277500
KHC,4/26/2022,42.919998,43.345001,42.25,42.310001,41.029419,7364900
KHC,4/27/2022,42.18,43.299999,41.779999,42.880001,41.582169,7960700
KHC,4/28/2022,42.990002,43.884998,42.830002,43.610001,42.290073,7386100
KHC,4/29/2022,43.41,43.720001,42.560001,42.630001,41.339737,6968300
KHC,5/2/2022,42.720001,43.049999,41.290001,41.98,40.709408,7637700
KHC,5/3/2022,42.095001,42.66,41.505001,42.380001,41.097301,6328300
KHC,5/4/2022,42.360001,43.349998,42.209999,43.32,42.008854,6499900
KHC,5/5/2022,42.98,43.52,42.900002,43.139999,41.834297,7079100
KHC,5/6/2022,43.099998,43.669998,42.970001,43.59,42.270683,6368800
KHC,5/9/2022,43.455002,44.650002,43.290001,44.189999,42.852516,9288000
KHC,5/10/2022,44.310001,44.869999,43.139999,43.459999,42.144608,7641800
KHC,5/11/2022,43.299999,44.130001,43.23,43.5,42.183403,6520500
KHC,5/12/2022,43.450001,43.66,42.615002,43.049999,41.747021,6604400
KHC,5/13/2022,43.02,44.310001,43.009998,44.290001,42.949493,7857400
KHC,5/16/2022,44.380001,44.529999,43.994999,44.080002,42.745846,5795200
KHC,5/17/2022,44,44.029999,42.700001,43.16,41.853695,7855600
KHC,5/18/2022,42.950001,43.09,38.862999,39.040001,37.858391,13824400
KHC,5/19/2022,38.77,38.895,37.900002,38.560001,37.392921,8774900
KHC,5/20/2022,38.681999,38.849998,37.75,38.369999,37.208672,10146100
KHC,5/23/2022,38.834999,39.459999,38.619999,38.990002,37.809906,6439800
KHC,5/24/2022,38.959999,39.68,38.555,39.610001,38.41114,6215900
KHC,5/25/2022,39.757999,40,39.349998,39.880001,38.672966,5519100
KHC,5/26/2022,36.501999,37.279999,35.200001,37.07,36.312233,24785300
KHC,5/27/2022,37.09,37.849998,36.599998,37.830002,37.056698,13898900
KHC,5/31/2022,37.66,38.18,37.307999,37.830002,37.056698,12744100
KHC,6/1/2022,37.91,37.950001,37,37.25,36.488552,11270300
KHC,6/2/2022,37.009998,37.02,34.759998,36.389999,35.646133,27694500
KHC,6/3/2022,36.439999,36.91,35.924999,36.299999,35.557972,12830100
KHC,6/6/2022,36.369999,36.849998,36.209999,36.689999,35.939999,9601700
KHC,6/7/2022,36.59,37.169998,36.259998,37.080002,36.322029,10558800
KHC,6/8/2022,37.009998,37.52,36.875,37.400002,36.63549,8893800
KHC,6/9/2022,37.450001,38.055,37.25,37.27,36.508144,8650300
KHC,6/10/2022,36.91,37.654999,36.790001,37.450001,36.684464,7858100
KHC,6/13/2022,37.02,37.34,35.91,36.040001,35.303288,9596200
KHC,6/14/2022,36.25,36.345001,35.82,36.139999,35.401241,8743900
KHC,6/15/2022,36.450001,36.591999,35.900002,36.18,35.440422,6870100
KHC,6/16/2022,35.610001,36.310001,35.48,36.029999,35.293491,7694600
KHC,6/17/2022,35.860001,36.110001,34.830002,35.580002,34.852692,16994100
KHC,6/21/2022,35.849998,36.775002,35.650002,36.610001,35.861637,7112900
KHC,6/22/2022,37.215,37.970001,36.740002,37.049999,36.292641,13139700
KHC,6/23/2022,37.130001,37.98,37.07,37.849998,37.076286,9289100
KHC,6/24/2022,37.959999,38.5,37.650002,38.400002,37.615047,7159900
KHC,6/27/2022,38.365002,38.919998,38.287998,38.66,37.869728,5325600
KHC,6/28/2022,38.66,39.009998,37.549999,37.73,36.95874,6365300
KHC,6/29/2022,37.880001,38.369999,37.68,37.98,37.203632,7501800
KHC,6/30/2022,37.790001,38.575001,37.580002,38.139999,37.360355,7169800
KHC,7/1/2022,38.130001,38.700001,37.970001,38.639999,37.85014,6971400
KHC,7/5/2022,38.48,38.509998,37.470001,38.119999,37.340767,7694400
KHC,7/6/2022,38.09,38.465,37.889999,38.200001,37.419136,5178700
KHC,7/7/2022,38.294998,38.43,37.919998,38.080002,37.301586,5092200
KHC,7/8/2022,38,38.650002,37.919998,38.369999,37.585659,5511300
KHC,7/11/2022,38.48,38.830002,38.200001,38.610001,37.820751,6608700
KHC,7/12/2022,38.560001,39.150002,38.549999,38.799999,38.006866,5837600
KHC,7/13/2022,38.605,39.435001,38.244999,39.18,38.379101,7359600
KHC,7/14/2022,38.599998,38.860001,38.389999,38.759998,37.967686,5684700
KHC,7/15/2022,38.849998,39.07,37.830002,38.009998,37.233017,7687300
KHC,7/18/2022,38.23,38.810001,38.099998,38.43,37.644432,7908800
KHC,7/19/2022,38.455002,39.119999,38.43,38.740002,37.948097,16940500
KHC,7/20/2022,38.794998,38.849998,38.02,38.259998,37.477905,4469000
KHC,7/21/2022,38.110001,38.34,37.82,37.950001,37.174244,4665900
KHC,7/22/2022,38.07,38.580002,37.970001,38.32,37.536678,5585800
KHC,7/25/2022,38.369999,38.599998,37.98,38.380001,37.595455,6470400
KHC,7/26/2022,38.150002,38.68,38.025002,38.639999,37.85014,6343500
KHC,7/27/2022,37.150002,37.189999,35.299999,36.34,35.597153,21026300
KHC,7/28/2022,36.790001,37.235001,36.299999,37.189999,36.429779,10672000
KHC,7/29/2022,36.560001,36.956001,36.450001,36.830002,36.077141,9930100
KHC,8/1/2022,37.02,37.630001,36.900002,37.43,36.664875,6924800
KHC,8/2/2022,37.360001,37.689999,37.060001,37.09,36.331821,5669800
KHC,8/3/2022,37.009998,37.52,36.610001,37.34,36.57671,5461600
KHC,8/4/2022,37.279999,37.470001,36.970001,37.029999,36.273048,4503400
KHC,8/5/2022,37.029999,37.610001,36.650002,37.57,36.802013,4683200
KHC,8/8/2022,37.790001,38.07,37.66,37.790001,37.017517,4280500
KHC,8/9/2022,37.900002,38.439999,37.860001,38.400002,37.615047,5634800
KHC,8/10/2022,38.509998,38.790001,38.43,38.630001,37.840343,5937900
KHC,8/11/2022,38.650002,39.330002,38.650002,38.73,37.938297,6269500
KHC,8/12/2022,38.889999,38.93,38.41,38.669998,37.879524,4582300
KHC,8/15/2022,38.490002,38.915001,38,38.560001,37.771778,7060000
KHC,8/16/2022,38.650002,38.950001,38.459999,38.830002,38.036255,5824800
KHC,8/17/2022,38.560001,38.799999,38.145,38.200001,37.419136,5914300
KHC,8/18/2022,38.110001,38.279999,37.805,38.259998,37.477905,7564800
KHC,8/19/2022,38.110001,38.560001,37.939999,38.529999,37.742386,8903000
KHC,8/22/2022,38.48,38.560001,38.099998,38.41,37.62484,6492300
KHC,8/23/2022,38.459999,39.014999,38.389999,38.720001,37.928501,5453700
KHC,8/24/2022,38.669998,38.955002,38.540001,38.91,38.114616,5603400
KHC,8/25/2022,38.540001,38.849998,38.450001,38.610001,38.213593,4335500
KHC,8/26/2022,38.630001,38.849998,38.110001,38.110001,37.718727,5474800
KHC,8/29/2022,37.950001,38.299999,37.735001,38.09,37.698933,7483200
KHC,8/30/2022,38.009998,38.049999,37.334999,37.41,37.025913,4949300
KHC,8/31/2022,37.509998,37.900002,37.355,37.400002,37.016018,5176900
KHC,9/1/2022,37.330002,37.825001,37.040001,37.700001,37.312935,6039100
KHC,9/2/2022,37.900002,38.48,37.165001,37.310001,36.926941,6155100
KHC,9/6/2022,37.400002,37.610001,36.735001,37.43,37.045708,9810200
KHC,9/7/2022,37.189999,37.52,35.919998,37.32,36.936836,11405200
KHC,9/8/2022,37.099998,37.119999,35.82,36.060001,35.689774,10160300
KHC,9/9/2022,36.27,36.650002,35.985001,36.459999,36.085667,7979000
KHC,9/12/2022,36.669998,36.876999,36.544998,36.73,36.352894,6693700
KHC,9/13/2022,36.400002,36.619999,34.939999,35.060001,34.700043,11789300
KHC,9/14/2022,35.23,35.557999,34.82,34.959999,34.601067,8505100
KHC,9/15/2022,34.98,35.220001,34.450001,34.610001,34.254662,7369100
KHC,9/16/2022,34.509998,34.84,34.259998,34.709999,34.353634,30286300
KHC,9/19/2022,34.700001,35.040001,34.575001,34.610001,34.254662,9566900
KHC,9/20/2022,34.450001,34.490002,33.790001,33.939999,33.591537,8995600
KHC,9/21/2022,34.330002,35.16,34.009998,34.439999,34.086403,9057700
KHC,9/22/2022,34.494999,34.685001,34.240002,34.259998,33.908253,5921500
KHC,9/23/2022,34.09,34.32,33.459999,33.919998,33.571743,8006100
KHC,9/26/2022,33.73,34.310001,33.73,34.060001,33.710308,7798600
KHC,9/27/2022,34.09,34.450001,32.889999,32.950001,32.611706,8853600
KHC,9/28/2022,33.049999,33.82,32.73,33.619999,33.274822,7116200
KHC,9/29/2022,33.514999,33.685001,33.084999,33.560001,33.215443,7118400
KHC,9/30/2022,33.599998,33.66,33.220001,33.349998,33.007595,8922600
KHC,10/3/2022,33.57,34.080002,33.360001,33.959999,33.611332,6707700
KHC,10/4/2022,34.009998,34.689999,33.990002,34.330002,33.977535,7647800
KHC,10/5/2022,34.099998,34.139999,33.174999,33.889999,33.542053,6307400
KHC,10/6/2022,33.900002,33.939999,33.27,33.419998,33.076878,5815700
KHC,10/7/2022,33.400002,33.490002,32.810001,33.029999,32.69088,6786200
KHC,10/10/2022,34,34.470001,33.549999,34.07,33.720203,11388100
KHC,10/11/2022,33.883999,35.029999,33.860001,34.939999,34.581272,10133600
KHC,10/12/2022,35.16,35.669998,35.040001,35.299999,34.937576,9506600
KHC,10/13/2022,34.970001,35.970001,34.860001,35.779999,35.412647,9355400
KHC,10/14/2022,35.799999,36.48,35.610001,35.73,35.363159,10926000
KHC,10/17/2022,35.869999,36.174999,35.459999,35.490002,35.125626,6234800
KHC,10/18/2022,35.669998,36.205002,35.66,36.07,35.699669,6807200
KHC,10/19/2022,36.029999,36.355,35.945,36.290001,35.917412,6906900
KHC,10/20/2022,36.360001,36.43,35.310001,35.34,34.977165,7197200
KHC,10/21/2022,35.130001,35.490002,34.889999,35.209999,34.848499,10239000
KHC,10/24/2022,35.77,36.599998,35.700001,36.52,36.14505,8151200
KHC,10/25/2022,36.450001,37.18,36.07,37.060001,36.679508,10129900
KHC,10/26/2022,37.900002,38.080002,36.119999,36.91,36.531048,10994100
KHC,10/27/2022,37.16,38.68,37.060001,38.02,37.62965,12208400
KHC,10/28/2022,38.075001,39.049999,37.75,38.939999,38.540203,8848400
KHC,10/31/2022,38.93,38.990002,38.209999,38.470001,38.075031,9104500
KHC,11/1/2022,38.450001,38.52,38.174999,38.220001,37.827599,5966500
KHC,11/2/2022,38.259998,39.040001,38.055,38.119999,37.728622,6467000
KHC,11/3/2022,37.98,38.189999,37.75,37.990002,37.59996,5936500
KHC,11/4/2022,38.099998,38.459999,37.492001,38.02,37.62965,5799000
KHC,11/7/2022,38.259998,38.549999,37.945,38.169998,37.778107,4666000
KHC,11/8/2022,38.360001,38.505001,37.740002,38.099998,37.708828,4825400
KHC,11/9/2022,38.040001,38.380001,37.66,37.73,37.342628,5006500
KHC,11/10/2022,38.419998,38.43,37.244999,37.869999,37.48119,8742600
KHC,11/11/2022,37.73,37.779999,36.025002,36.990002,36.610226,8622500
KHC,11/14/2022,37.139999,37.764999,36.790001,36.82,36.441971,7884400
KHC,11/15/2022,37.189999,37.237999,36.549999,37.040001,36.659714,5663100
KHC,11/16/2022,37.25,37.98,37.200001,37.689999,37.303036,7042100
KHC,11/17/2022,37.41,37.82,37.41,37.75,37.362423,5531200
KHC,11/18/2022,38.02,38.139999,37.715,38.099998,37.708828,7592200
KHC,11/21/2022,38.25,38.544998,38.029999,38.439999,38.045338,5207700
KHC,11/22/2022,38.619999,39.060001,38.595001,38.959999,38.559998,6365700
KHC,11/23/2022,38.490002,38.950001,38.48,38.900002,38.900002,5402500
KHC,11/25/2022,39.080002,39.18,38.869999,38.900002,38.900002,3595300
KHC,11/28/2022,39,39.27,38.709999,38.869999,38.869999,6732600
KHC,11/29/2022,38.77,39.084999,38.68,39.040001,39.040001,4773500
KHC,11/30/2022,38.799999,39.395,38.365002,39.349998,39.349998,8672900
KHC,12/1/2022,39.459999,40.099998,39.305,39.490002,39.490002,7710100
KHC,12/2/2022,39.259998,39.880001,39.240002,39.830002,39.830002,4835600
KHC,12/5/2022,39.560001,39.73,39.369999,39.619999,39.619999,4985700
KHC,12/6/2022,39.57,40.264999,39.25,39.419998,39.419998,5136000
KHC,12/7/2022,39.75,39.939999,39.360001,39.889999,39.889999,5307600
KHC,12/8/2022,39.939999,40.279999,39.77,40.139999,40.139999,6093600
KHC,12/9/2022,40.32,40.439999,39.91,39.939999,39.939999,5887400
KHC,12/12/2022,40.02,40.314999,39.830002,40.279999,40.279999,4650800
KHC,12/13/2022,40.5,40.630001,39.950001,39.970001,39.970001,5797300
KHC,12/14/2022,40.139999,40.599998,39.990002,40.16,40.16,7140700
KHC,12/15/2022,40.009998,40.040001,39.459999,39.830002,39.830002,6140800
KHC,12/16/2022,39.5,39.970001,39.189999,39.919998,39.919998,10880200
KHC,12/19/2022,40.029999,40.455002,39.849998,40.110001,40.110001,7268900
KHC,12/20/2022,40.025002,40.055,39.48,39.790001,39.790001,5525100
KHC,12/21/2022,40,40.384998,39.904999,40.18,40.18,4822200
KHC,12/22/2022,40.119999,40.650002,39.810001,40.360001,40.360001,6832300
KHC,12/23/2022,40.400002,40.669998,40.369999,40.52,40.52,4947800
KHC,12/27/2022,40.619999,41.040001,40.514999,40.959999,40.959999,5298200
KHC,12/28/2022,41.07,41.189999,40.380001,40.439999,40.439999,4724500
KHC,12/29/2022,40.389999,40.790001,40.32,40.68,40.68,3910500
KHC,12/30/2022,40.57,40.869999,40.41,40.709999,40.709999,4344700
KHC,1/3/2023,40.529999,40.855,40.285,40.779999,40.779999,5749000
KHC,1/4/2023,41.040001,41.584999,40.900002,41.240002,41.240002,8199500
KHC,1/5/2023,41.389999,41.59,41.189999,41.330002,41.330002,6608600
KHC,1/6/2023,41.939999,42.779999,41.779999,42.59,42.59,6421200
KHC,1/9/2023,42.389999,42.799999,42.189999,42.200001,42.200001,9772700
KHC,1/10/2023,42.150002,42.57,42.139999,42.330002,42.330002,6925500
KHC,1/11/2023,42.5,42.689999,42.255001,42.560001,42.560001,8550500
KHC,1/12/2023,42.599998,42.715,42.27,42.43,42.43,7034700
KHC,1/13/2023,42.23,42.560001,42.189999,42.419998,42.419998,5982500
KHC,1/17/2023,42.360001,42.619999,42.23,42.330002,42.330002,9789400
SPY,1/18/2022,459.73999,459.959991,455.309998,456.48999,449.202423,109709100
SPY,1/19/2022,458.130005,459.609985,451.459991,451.75,444.538116,109357600
SPY,1/20/2022,453.75,458.73999,444.5,446.75,439.61792,122379700
SPY,1/21/2022,445.559998,448.059998,437.950012,437.980011,430.987946,202271200
SPY,1/24/2022,432.029999,440.380005,420.76001,439.839996,432.818237,251783900
SPY,1/25/2022,433.059998,439.720001,427.149994,434.470001,427.533997,167997300
SPY,1/26/2022,440.720001,444.040009,428.859985,433.380005,426.461395,186391100
SPY,1/27/2022,438.26001,441.589996,429.450012,431.23999,424.355499,149878300
SPY,1/28/2022,432.679993,442,427.820007,441.950012,434.894592,164457400
SPY,1/31/2022,441.23999,450.279999,439.809998,449.910004,442.727509,152251400
SPY,2/1/2022,450.679993,453.630005,446.940002,452.950012,445.718964,123155400
SPY,2/2/2022,455.5,458.119995,453.049988,457.350006,450.048737,117361000
SPY,2/3/2022,450.950012,452.970001,445.709991,446.600006,439.470337,118024400
SPY,2/4/2022,446.350006,452.779999,443.829987,448.700012,441.536835,118454400
SPY,2/7/2022,449.51001,450.98999,445.850006,447.26001,440.119843,84472900
SPY,2/8/2022,446.730011,451.920013,445.220001,450.940002,443.741058,81012000
SPY,2/9/2022,455.220001,457.880005,455.01001,457.540009,450.235687,92589900
SPY,2/10/2022,451.339996,457.709991,447.200012,449.320007,442.146942,140103700
SPY,2/11/2022,449.410004,451.609985,438.940002,440.459991,433.428345,153214600
SPY,2/14/2022,439.920013,441.600006,435.339996,439.019989,432.011353,123006300
SPY,2/15/2022,443.730011,446.279999,443.179993,446.100006,438.978302,88482700
SPY,2/16/2022,443.929993,448.059998,441.940002,446.600006,439.470337,84863600
SPY,2/17/2022,443.220001,446.570007,436.420013,437.059998,430.082672,102259100
SPY,2/18/2022,437.329987,438.660004,431.820007,434.230011,427.297821,132642900
SPY,2/22/2022,431.890015,435.5,425.859985,429.570007,422.712219,124391800
SPY,2/23/2022,432.660004,433.26001,421.350006,421.950012,415.213867,132578000
SPY,2/24/2022,411.019989,428.76001,410.640015,428.299988,421.462494,213942900
SPY,2/25/2022,429.609985,437.839996,427.859985,437.75,430.761597,121804500
SPY,2/28/2022,432.029999,438.200012,430.700012,436.630005,429.659515,145615000
SPY,3/1/2022,435.040009,437.170013,427.109985,429.980011,423.115662,137785900
SPY,3/2/2022,432.369995,439.720001,431.570007,437.890015,430.899384,117726500
SPY,3/3/2022,440.470001,441.109985,433.799988,435.709991,428.754181,105501700
SPY,3/4/2022,431.75,433.369995,427.880005,432.170013,425.270721,113978200
SPY,3/7/2022,431.549988,432.299988,419.359985,419.429993,412.73407,137896600
SPY,3/8/2022,419.619995,427.209991,415.119995,416.25,409.604858,164772700
SPY,3/9/2022,425.140015,429.51001,422.820007,427.410004,420.58667,116990800
SPY,3/10/2022,422.519989,426.429993,420.440002,425.480011,418.687469,93972700
SPY,3/11/2022,428.119995,428.769989,419.529999,420.070007,413.363892,95636300
SPY,3/14/2022,420.890015,424.549988,415.790009,417,410.342865,95729200
SPY,3/15/2022,419.769989,426.839996,418.420013,426.170013,419.366486,106219100
SPY,3/16/2022,429.890015,435.679993,424.799988,435.619995,428.665619,144954800
SPY,3/17/2022,433.589996,441.070007,433.190002,441.070007,434.028595,102676900
SPY,3/18/2022,438,444.859985,437.220001,444.519989,438.78244,106345500
SPY,3/21/2022,444.339996,446.459991,440.679993,444.390015,438.654144,88349800
SPY,3/22/2022,445.859985,450.579987,445.859985,449.589996,443.787018,74650400
SPY,3/23/2022,446.910004,448.48999,443.709991,443.799988,438.071716,79426100
SPY,3/24/2022,445.940002,450.5,444.76001,450.48999,444.675354,64736900
SPY,3/25/2022,451.160004,452.980011,448.429993,452.690002,446.847015,77101300
SPY,3/28/2022,452.059998,455.910004,450.059998,455.910004,450.025421,68529800
SPY,3/29/2022,460.019989,462.070007,457.179993,461.549988,455.592651,86581500
SPY,3/30/2022,460.339996,461.200012,456.470001,458.700012,452.779419,79666900
SPY,3/31/2022,457.890015,458.76001,451.160004,451.640015,445.810577,121699900
SPY,4/1/2022,453.309998,453.459991,449.140015,452.920013,447.074005,89048800
SPY,4/4/2022,453.130005,456.910004,452.26001,456.799988,450.903931,59601000
SPY,4/5/2022,455.220001,457.829987,449.820007,451.029999,445.208435,74214500
SPY,4/6/2022,446.890015,448.929993,443.470001,446.519989,440.756622,106898000
SPY,4/7/2022,445.589996,450.690002,443.529999,448.769989,442.9776,78097200
SPY,4/8/2022,447.970001,450.630005,445.940002,447.570007,441.793091,79272700
SPY,4/11/2022,444.109985,445,439.390015,439.920013,434.241821,89770500
SPY,4/12/2022,443.079987,445.75,436.649994,438.290009,432.632874,84363600
SPY,4/13/2022,438.029999,444.109985,437.839996,443.309998,437.588074,74070400
SPY,4/14/2022,443.549988,444.730011,437.679993,437.790009,432.139313,97869500
SPY,4/18/2022,436.809998,439.75,435.609985,437.970001,432.316986,66002500
SPY,4/19/2022,437.859985,445.799988,437.679993,445.040009,439.295715,77821000
SPY,4/20/2022,446.920013,447.570007,443.480011,444.709991,438.969971,65224400
SPY,4/21/2022,448.540009,450.01001,437.100006,438.059998,432.405823,85417300
SPY,4/22/2022,436.910004,438.079987,425.440002,426.040009,420.540985,132471800
SPY,4/25/2022,423.670013,428.690002,418.839996,428.51001,422.979095,119647700
SPY,4/26/2022,425.829987,426.040009,416.070007,416.100006,410.729279,103996300
SPY,4/27/2022,417.23999,422.920013,415.01001,417.269989,411.884155,122030000
SPY,4/28/2022,422.290009,429.640015,417.600006,427.809998,422.288116,105449100
SPY,4/29/2022,423.589996,425.869995,411.209991,412,406.682159,145491100
SPY,5/2/2022,412.070007,415.920013,405.019989,414.480011,409.130188,158312500
SPY,5/3/2022,415.01001,418.929993,413.359985,416.380005,411.005646,100028200
SPY,5/4/2022,417.079987,429.660004,413.709991,429.059998,423.522003,144247900
SPY,5/5/2022,424.549988,425,409.440002,413.809998,408.468811,172929100
SPY,5/6/2022,411.100006,414.799988,405.730011,411.339996,406.030701,151770800
SPY,5/9/2022,405.100006,406.410004,396.5,398.170013,393.030731,155586100
SPY,5/10/2022,404.48999,406.079987,394.820007,399.089996,393.938843,132497200
SPY,5/11/2022,398.070007,404.040009,391.959991,392.75,387.680664,142361000
SPY,5/12/2022,389.369995,395.799988,385.149994,392.339996,387.27597,125090800
SPY,5/13/2022,396.709991,403.179993,395.609985,401.720001,396.534882,104174400
SPY,5/16/2022,399.980011,403.970001,397.600006,400.089996,394.925903,78622400
SPY,5/17/2022,406.529999,408.570007,402.579987,408.320007,403.049713,83029700
SPY,5/18/2022,403.5,403.799988,390.549988,391.859985,386.802124,117674500
SPY,5/19/2022,388.619995,394.140015,387.109985,389.459991,384.433105,98510700
SPY,5/20/2022,393.25,397.029999,380.540009,389.630005,384.600952,131432200
SPY,5/23/2022,392.829987,397.730011,390.380005,396.920013,391.796844,76414900
SPY,5/24/2022,392.559998,395.149994,386.959991,393.890015,388.805969,91448800
SPY,5/25/2022,392.309998,399.450012,391.890015,397.369995,392.241028,91472900
SPY,5/26/2022,398.670013,407.040009,398.450012,405.309998,400.078522,82168300
SPY,5/27/2022,407.910004,415.380005,407.700012,415.26001,409.900116,84768700
SPY,5/31/2022,413.549988,416.459991,410.029999,412.929993,407.600189,95937000
SPY,6/1/2022,415.170013,416.23999,406.929993,409.589996,404.303284,86585800
SPY,6/2/2022,409.420013,417.440002,407.040009,417.390015,412.002625,79609600
SPY,6/3/2022,412.399994,414.040009,409.51001,410.540009,405.241028,71874300
SPY,6/6/2022,414.779999,416.609985,410.549988,411.790009,406.474915,57508900
SPY,6/7/2022,408.100006,416.220001,407.609985,415.73999,410.373901,59272400
SPY,6/8/2022,413.929993,415.820007,410.380005,411.220001,405.912262,64350000
SPY,6/9/2022,409.339996,411.73999,401.440002,401.440002,396.258484,86289800
SPY,6/10/2022,394.880005,395.779999,389.75,389.799988,384.768738,132893900
SPY,6/13/2022,379.850006,381.809998,373.299988,375,370.15976,170004900
SPY,6/14/2022,376.850006,377.940002,370.589996,373.869995,369.044373,104011800
SPY,6/15/2022,377.359985,383.899994,372.119995,379.200012,374.305542,125666800
SPY,6/16/2022,370.51001,370.940002,364.079987,366.649994,361.917542,134473300
SPY,6/17/2022,365.51001,369.380005,362.170013,365.859985,362.697723,111113900
SPY,6/21/2022,371.890015,376.529999,371.809998,375.070007,371.828156,76811900
SPY,6/22/2022,370.619995,378.720001,370.179993,374.390015,371.154053,90059400
SPY,6/23/2022,376.640015,378.829987,372.890015,378.059998,374.792297,79292100
SPY,6/24/2022,381.399994,390.089996,381.369995,390.079987,386.708405,98050300
SPY,6/27/2022,391.049988,391.359985,387.440002,388.589996,385.231293,66009600
SPY,6/28/2022,390.230011,393.160004,380.529999,380.649994,377.359894,86548900
SPY,6/29/2022,381.230011,382.269989,378.420013,380.339996,377.052582,65676000
SPY,6/30/2022,376.23999,380.660004,372.559998,377.25,373.989288,112508300
SPY,7/1/2022,376.559998,381.700012,373.799988,381.23999,377.944824,74839700
SPY,7/5/2022,375.880005,381.980011,372.899994,381.959991,378.6586,81438000
SPY,7/6/2022,382.109985,385.869995,379.600006,383.25,379.937439,70426200
SPY,7/7/2022,385.119995,389.829987,383.269989,388.98999,385.627808,64525900
SPY,7/8/2022,387.269989,390.640015,385.660004,388.670013,385.310608,72397800
SPY,7/11/2022,385.850006,386.869995,383.5,384.230011,380.908997,58366900
SPY,7/12/2022,383.649994,386.160004,378.98999,380.829987,377.53833,62219200
SPY,7/13/2022,375.100006,381.920013,374.660004,378.829987,375.555634,84224600
SPY,7/14/2022,373.609985,379.049988,371.040009,377.910004,374.643585,89704800
SPY,7/15/2022,382.549988,385.25,380.540009,385.130005,381.801208,79060400
SPY,7/18/2022,388.380005,389.089996,380.660004,381.950012,378.648682,63203600
SPY,7/19/2022,386.079987,392.869995,385.390015,392.269989,388.879486,78506000
SPY,7/20/2022,392.470001,396.26001,391.029999,394.769989,391.357849,71843800
SPY,7/21/2022,394.160004,398.839996,391.630005,398.790009,395.34314,64903900
SPY,7/22/2022,398.920013,400.179993,392.75,395.089996,391.675079,72197300
SPY,7/25/2022,395.75,396.470001,393.209991,395.570007,392.15094,53631500
SPY,7/26/2022,393.839996,394.059998,389.950012,390.890015,387.511414,52946400
SPY,7/27/2022,394.359985,402.880005,394.049988,401.040009,397.573669,82342100
SPY,7/28/2022,401.890015,406.799988,398.149994,406.070007,402.560211,73966600
SPY,7/29/2022,407.579987,413.029999,406.769989,411.98999,408.429016,87003700
SPY,8/1/2022,409.149994,413.410004,408.399994,410.769989,407.219574,69997500
SPY,8/2/2022,409.119995,413,406.820007,408.059998,404.53299,63435400
SPY,8/3/2022,410.299988,415.679993,410,414.450012,410.867767,67820600
SPY,8/4/2022,414.369995,415.089996,412.440002,414.170013,410.590179,45656600
SPY,8/5/2022,409.660004,414.149994,409.600006,413.470001,409.89624,56814900
SPY,8/8/2022,415.25,417.619995,411.829987,412.98999,409.42038,53886100
SPY,8/9/2022,412.220001,412.75,410.220001,411.350006,407.794586,44931800
SPY,8/10/2022,418.779999,420.140015,416.720001,419.98999,416.359894,68665700
SPY,8/11/2022,422.98999,424.950012,419.209991,419.98999,416.359894,59489700
SPY,8/12/2022,422.029999,427.209991,421.029999,427.100006,423.408447,61694500
SPY,8/15/2022,424.769989,429.410004,424.709991,428.859985,425.153198,54048300
SPY,8/16/2022,427.730011,431.730011,426.880005,429.700012,425.985962,59289000
SPY,8/17/2022,425.910004,429.5,424.540009,426.649994,422.962311,63563400
SPY,8/18/2022,426.859985,428.609985,425.5,427.890015,424.19162,49023200
SPY,8/19/2022,424.980011,425.26001,421.220001,422.140015,418.491333,68016900
SPY,8/22/2022,417.049988,417.230011,412.399994,413.350006,409.777283,77695600
SPY,8/23/2022,412.899994,415.420013,411.769989,412.350006,408.785919,49105200
SPY,8/24/2022,412.109985,415.109985,411.390015,413.670013,410.094513,49177800
SPY,8/25/2022,415.23999,419.559998,414.089996,419.51001,415.884033,50942300
SPY,8/26/2022,419.390015,419.959991,405.25,405.309998,401.806763,103087000
SPY,8/29/2022,402.200012,405.839996,401.200012,402.630005,399.149933,65370800
SPY,8/30/2022,403.850006,404.100006,396,398.209991,394.768127,85652400
SPY,8/31/2022,399.929993,401.23999,395.040009,395.179993,391.764313,76029700
SPY,9/1/2022,392.890015,396.779999,390.040009,396.420013,392.993622,78740100
SPY,9/2/2022,400.279999,401.559998,390.329987,392.23999,388.849731,99632100
SPY,9/6/2022,393.130005,394.119995,388.420013,390.76001,387.382538,76637400
SPY,9/7/2022,390.429993,398.589996,390.200012,397.779999,394.341827,70964200
SPY,9/8/2022,395.390015,400.859985,394.119995,400.380005,396.919403,80821700
SPY,9/9/2022,402.73999,407.51001,402.459991,406.600006,403.085632,76706900
SPY,9/12/2022,408.779999,411.730011,408.459991,410.970001,407.417847,69256300
SPY,9/13/2022,401.829987,403.100006,391.920013,393.100006,389.702301,122947100
SPY,9/14/2022,394.470001,396.200012,391.119995,394.600006,391.189362,85023700
SPY,9/15/2022,392.959991,395.959991,388.779999,390.119995,386.748077,87633800
SPY,9/16/2022,384.140015,386.25,382.109985,385.559998,383.797607,103084800
SPY,9/19/2022,382.26001,388.549988,382.179993,388.549988,386.773926,73278500
SPY,9/20/2022,385.059998,386.119995,381.200012,384.089996,382.33432,77274900
SPY,9/21/2022,386.109985,389.309998,377.380005,377.390015,375.664948,106746600
SPY,9/22/2022,376.579987,378.299988,373.440002,374.220001,372.50943,89472600
SPY,9/23/2022,370.579987,370.619995,363.290009,367.950012,366.268097,122346900
SPY,9/26/2022,366.410004,370.209991,363.029999,364.309998,362.644714,92581200
SPY,9/27/2022,368.019989,370.399994,360.869995,363.380005,361.718994,108294100
SPY,9/28/2022,364.380005,372.299988,362.600006,370.529999,368.836304,110802200
SPY,9/29/2022,366.809998,367.109985,359.700012,362.790009,361.131683,112952300
SPY,9/30/2022,361.799988,365.910004,357.040009,357.179993,355.547302,153711200
SPY,10/3/2022,361.079987,368.549988,359.209991,366.609985,364.934204,89756500
SPY,10/4/2022,372.399994,378,366.570007,377.970001,376.242279,103602800
SPY,10/5/2022,373.390015,379.459991,370.950012,377.089996,375.366302,88065700
SPY,10/6/2022,375.619995,378.720001,372.679993,373.200012,371.49411,82333500
SPY,10/7/2022,368.970001,373.290009,360.940002,362.790009,361.131683,107789500
SPY,10/10/2022,363.959991,364.209991,357.670013,360.019989,358.374329,76042800
SPY,10/11/2022,358.23999,363.029999,355.709991,357.73999,356.104767,92482800
SPY,10/12/2022,358.170013,359.820007,356.299988,356.559998,354.930145,76991800
SPY,10/13/2022,349.209991,367.51001,348.109985,365.970001,364.29715,147254500
SPY,10/14/2022,368.549988,370.26001,356.959991,357.630005,355.99527,123737000
SPY,10/17/2022,364.01001,367.980011,357.279999,366.820007,365.14328,93168200
SPY,10/18/2022,375.130005,375.450012,367.519989,371.130005,369.433563,97162900
SPY,10/19/2022,368.98999,371.850006,365.549988,368.5,366.815582,79746900
SPY,10/20/2022,368.029999,372.670013,364.609985,365.410004,363.739716,88283100
SPY,10/21/2022,365.119995,374.799988,363.540009,374.290009,372.579132,131038400
SPY,10/24/2022,375.890015,380.059998,373.109985,378.869995,377.138184,85436900
SPY,10/25/2022,378.790009,385.25,378.670013,384.920013,383.160522,78846300
SPY,10/26/2022,381.619995,387.579987,381.350006,382.019989,380.273773,104087300
SPY,10/27/2022,383.070007,385,379.329987,379.980011,378.243103,81971800
SPY,10/28/2022,379.869995,389.519989,379.679993,389.019989,387.24176,100302000
SPY,10/31/2022,386.440002,388.399994,385.26001,386.209991,384.444611,96631300
SPY,11/1/2022,390.140015,390.390015,383.290009,384.519989,382.762329,85407600
SPY,11/2/2022,383.899994,388.630005,374.76001,374.869995,373.156464,126990400
SPY,11/3/2022,371.470001,374.200012,368.790009,371.01001,369.314117,87100100
SPY,11/4/2022,377,378.869995,370,376.350006,374.6297,103505200
SPY,11/7/2022,377.709991,380.570007,375.529999,379.950012,378.213257,68286900
SPY,11/8/2022,381.109985,385.119995,377.720001,382,380.253876,84641100
SPY,11/9/2022,379.929993,381.140015,373.609985,374.130005,372.419861,78495500
SPY,11/10/2022,388.049988,395.040009,385.640015,394.690002,392.885864,141455800
SPY,11/11/2022,395.589996,399.350006,393.609985,398.51001,396.688416,93839900
SPY,11/14/2022,396.660004,400.179993,394.829987,395.119995,393.313904,71903500
SPY,11/15/2022,401.149994,402.309998,394.48999,398.48999,396.668488,93194500
SPY,11/16/2022,396.779999,397.779999,394.790009,395.450012,393.642395,68508500
SPY,11/17/2022,390.459991,394.950012,390.140015,394.23999,392.437897,74496300
SPY,11/18/2022,397.73999,397.809998,393.040009,396.029999,394.219727,92922500
SPY,11/21/2022,394.640015,395.820007,392.660004,394.589996,392.786316,51243200
SPY,11/22/2022,396.630005,400.070007,395.149994,399.899994,398.072052,60429000
SPY,11/23/2022,399.549988,402.929993,399.309998,402.420013,400.580536,68261600
SPY,11/25/2022,401.829987,402.910004,401.540009,402.329987,400.490936,30545400
SPY,11/28/2022,399.089996,400.809998,395.109985,395.910004,394.100281,67881600
SPY,11/29/2022,396.049988,397.299988,393.299988,395.230011,393.423401,52310000
SPY,11/30/2022,395.48999,407.679993,393.480011,407.679993,405.816467,144566700
SPY,12/1/2022,408.769989,410,404.75,407.380005,405.517853,76398200
SPY,12/2/2022,402.25,407.859985,402.140015,406.910004,405.050018,85342700
SPY,12/5/2022,403.950012,404.929993,398.170013,399.589996,397.763458,77289800
SPY,12/6/2022,399.420013,399.98999,391.640015,393.829987,392.029785,77972200
SPY,12/7/2022,392.940002,395.640015,391.970001,393.160004,391.362854,65927900
SPY,12/8/2022,395.140015,397.359985,393.269989,396.23999,394.428772,60737900
SPY,12/9/2022,394.940002,397.619995,393.149994,393.279999,391.4823,81447700
SPY,12/12/2022,394.109985,398.950012,393.410004,398.950012,397.126404,75405800
SPY,12/13/2022,410.220001,410.48999,399.070007,401.970001,400.132599,123782500
SPY,12/14/2022,401.609985,405.5,396.309998,399.399994,397.574341,108111300
SPY,12/15/2022,394.299988,395.25,387.890015,389.630005,387.848999,117705900
SPY,12/16/2022,385.179993,386.579987,381.040009,383.269989,383.269989,119858000
SPY,12/19/2022,383.470001,383.820007,378.279999,380.019989,380.019989,79878100
SPY,12/20/2022,379.230011,382.230011,377.850006,380.540009,380.540009,74427200
SPY,12/21/2022,383.25,387.410004,382.690002,386.230011,386.230011,78167400
SPY,12/22/2022,383.049988,386.209991,374.769989,380.720001,380.720001,100120900
SPY,12/23/2022,379.649994,383.059998,378.029999,382.910004,382.910004,59857300
SPY,12/27/2022,382.790009,383.149994,379.649994,381.399994,381.399994,51638200
SPY,12/28/2022,381.329987,383.390015,376.420013,376.660004,376.660004,70911500
SPY,12/29/2022,379.630005,384.350006,379.079987,383.440002,383.440002,66970900
SPY,12/30/2022,380.640015,382.579987,378.429993,382.429993,382.429993,83975100
SPY,1/3/2023,384.369995,386.429993,377.829987,380.820007,380.820007,74850700
SPY,1/4/2023,383.179993,385.880005,380,383.76001,383.76001,85934100
SPY,1/5/2023,381.720001,381.839996,378.76001,379.380005,379.380005,76970500
SPY,1/6/2023,382.609985,389.25,379.410004,388.079987,388.079987,104041300
SPY,1/9/2023,390.369995,393.700012,387.670013,387.859985,387.859985,73978100
SPY,1/10/2023,387.25,390.649994,386.269989,390.579987,390.579987,65358100
SPY,1/11/2023,392.230011,395.600006,391.380005,395.519989,395.519989,68881100
SPY,1/12/2023,396.670013,398.48999,392.420013,396.959991,396.959991,90157700
SPY,1/13/2023,393.619995,399.100006,393.339996,398.5,398.5,63863400
SPY,1/17/2023,398.480011,400.230011,397.059998,397.769989,397.769989,62677300
OTRK,1/18/2022,4.21,4.21,3.83,3.85,3.85,339500
OTRK,1/19/2022,3.95,4.14,3.82,4.04,4.04,424400
OTRK,1/20/2022,4,4.27,3.71,3.75,3.75,701800
OTRK,1/21/2022,3.72,3.72,3.36,3.4,3.4,517400
OTRK,1/24/2022,3.23,3.44,3.01,3.41,3.41,473200
OTRK,1/25/2022,3.34,3.55,3.19,3.21,3.21,426500
OTRK,1/26/2022,3.3,3.35,2.97,3.06,3.06,519800
OTRK,1/27/2022,3.17,3.17,2.84,2.88,2.88,399400
OTRK,1/28/2022,2.79,2.94,2.69,2.94,2.94,441800
OTRK,1/31/2022,3.01,3.55,2.93,3.46,3.46,619400
OTRK,2/1/2022,3.46,3.59,3.17,3.52,3.52,549500
OTRK,2/2/2022,3.51,3.52,3.11,3.13,3.13,334000
OTRK,2/3/2022,3.09,3.1,2.78,2.79,2.79,361500
OTRK,2/4/2022,2.84,2.98,2.76,2.93,2.93,348700
OTRK,2/7/2022,2.96,3.1,2.85,2.9,2.9,343400
OTRK,2/8/2022,2.88,2.99,2.78,2.85,2.85,303400
OTRK,2/9/2022,2.91,3.08,2.85,3.01,3.01,378100
OTRK,2/10/2022,2.84,3.07,2.82,2.86,2.86,249300
OTRK,2/11/2022,2.91,2.97,2.72,2.75,2.75,265500
OTRK,2/14/2022,2.8,2.83,2.61,2.63,2.63,379600
OTRK,2/15/2022,2.67,2.91,2.65,2.78,2.78,319700
OTRK,2/16/2022,2.81,2.81,2.64,2.7,2.7,217000
OTRK,2/17/2022,2.67,2.83,2.63,2.64,2.64,289000
OTRK,2/18/2022,2.61,2.64,2.45,2.52,2.52,328400
OTRK,2/22/2022,2.52,2.53,2.4,2.44,2.44,233600
OTRK,2/23/2022,2.47,2.53,2.32,2.32,2.32,253100
OTRK,2/24/2022,2.16,2.62,2.14,2.61,2.61,414200
OTRK,2/25/2022,2.6,2.64,2.43,2.62,2.62,198900
OTRK,2/28/2022,2.6,2.74,2.57,2.68,2.68,263500
OTRK,3/1/2022,2.67,2.98,2.65,2.88,2.88,300100
OTRK,3/2/2022,2.88,2.9,2.53,2.66,2.66,299300
OTRK,3/3/2022,2.62,2.64,2.37,2.4,2.4,280200
OTRK,3/4/2022,2.36,2.4,2.28,2.35,2.35,176000
OTRK,3/7/2022,2.35,2.45,2.23,2.31,2.31,221800
OTRK,3/8/2022,2.31,2.61,2.25,2.54,2.54,690600
OTRK,3/9/2022,1.86,2.33,1.8,2.16,2.16,1229700
OTRK,3/10/2022,2.07,2.13,1.9,1.93,1.93,631400
OTRK,3/11/2022,1.91,1.95,1.78,1.81,1.81,366800
OTRK,3/14/2022,1.8,1.8,1.64,1.67,1.67,379400
OTRK,3/15/2022,1.67,1.8,1.67,1.76,1.76,233100
OTRK,3/16/2022,1.77,1.97,1.77,1.95,1.95,799200
OTRK,3/17/2022,1.88,2.17,1.8,2.08,2.08,825400
OTRK,3/18/2022,2.07,2.32,2.03,2.25,2.25,813400
OTRK,3/21/2022,2.21,2.67,2.21,2.36,2.36,1442100
OTRK,3/22/2022,2.4,2.44,2.27,2.29,2.29,422900
OTRK,3/23/2022,2.27,2.59,2.23,2.35,2.35,732700
OTRK,3/24/2022,2.41,2.41,2.21,2.33,2.33,331700
OTRK,3/25/2022,2.32,2.51,2.23,2.44,2.44,814000
OTRK,3/28/2022,2.49,2.55,2.16,2.32,2.32,638700
OTRK,3/29/2022,2.32,2.51,2.3,2.48,2.48,487400
OTRK,3/30/2022,2.44,2.53,2.23,2.25,2.25,306300
OTRK,3/31/2022,2.29,2.31,2.19,2.27,2.27,239000
OTRK,4/1/2022,2.26,2.37,2.13,2.13,2.13,361500
OTRK,4/4/2022,2.13,2.27,2.04,2.22,2.22,430500
OTRK,4/5/2022,2.22,2.28,2.07,2.1,2.1,266800
OTRK,4/6/2022,2.07,2.07,1.94,1.99,1.99,191000
OTRK,4/7/2022,1.97,2.02,1.9,1.97,1.97,174000
OTRK,4/8/2022,1.93,1.98,1.89,1.9,1.9,170300
OTRK,4/11/2022,1.86,1.94,1.78,1.81,1.81,146700
OTRK,4/12/2022,1.83,1.96,1.73,1.73,1.73,188600
OTRK,4/13/2022,1.74,1.84,1.74,1.79,1.79,159600
OTRK,4/14/2022,1.8,1.81,1.67,1.69,1.69,227300
OTRK,4/18/2022,1.67,1.69,1.55,1.57,1.57,238700
OTRK,4/19/2022,1.6,1.74,1.57,1.63,1.63,264800
OTRK,4/20/2022,1.65,1.67,1.57,1.58,1.58,194900
OTRK,4/21/2022,1.61,1.62,1.42,1.45,1.45,291600
OTRK,4/22/2022,1.45,1.54,1.36,1.39,1.39,352200
OTRK,4/25/2022,1.39,1.5,1.35,1.45,1.45,212500
OTRK,4/26/2022,1.42,1.44,1.32,1.33,1.33,226000
OTRK,4/27/2022,1.34,1.39,1.25,1.25,1.25,150400
OTRK,4/28/2022,1.26,1.32,1.16,1.27,1.27,347300
OTRK,4/29/2022,1.25,1.32,1.17,1.19,1.19,259500
OTRK,5/2/2022,1.2,1.48,1.17,1.41,1.41,1278900
OTRK,5/3/2022,1.46,1.86,1.36,1.41,1.41,4679700
OTRK,5/4/2022,1.37,1.42,1.2,1.34,1.34,1472200
OTRK,5/5/2022,1.35,1.39,1.29,1.31,1.31,563300
OTRK,5/6/2022,1.3,1.45,1.25,1.43,1.43,710000
OTRK,5/9/2022,1.39,1.45,1.28,1.32,1.32,566000
OTRK,5/10/2022,1.34,1.37,1.17,1.25,1.25,472500
OTRK,5/11/2022,1.22,1.24,1.09,1.1,1.1,803100
OTRK,5/12/2022,1.15,1.38,1.03,1.34,1.34,1147800
OTRK,5/13/2022,1.35,1.48,1.35,1.38,1.38,622500
OTRK,5/16/2022,1.37,1.78,1.37,1.67,1.67,1238000
OTRK,5/17/2022,1.74,1.74,1.52,1.67,1.67,556000
OTRK,5/18/2022,1.62,1.67,1.53,1.58,1.58,339700
OTRK,5/19/2022,1.53,1.72,1.53,1.58,1.58,259900
OTRK,5/20/2022,1.6,1.61,1.51,1.55,1.55,244900
OTRK,5/23/2022,1.57,1.64,1.5,1.6,1.6,184400
OTRK,5/24/2022,1.54,1.54,1.41,1.44,1.44,201700
OTRK,5/25/2022,1.48,1.5,1.45,1.46,1.46,140500
OTRK,5/26/2022,1.5,1.62,1.46,1.6,1.6,231600
OTRK,5/27/2022,1.63,2.08,1.63,1.93,1.93,1326800
OTRK,5/31/2022,1.96,1.96,1.81,1.9,1.9,277500
OTRK,6/1/2022,1.89,1.93,1.68,1.71,1.71,333200
OTRK,6/2/2022,1.7,1.88,1.65,1.87,1.87,398800
OTRK,6/3/2022,1.86,1.97,1.78,1.89,1.89,415000
OTRK,6/6/2022,1.94,1.96,1.76,1.78,1.78,281900
OTRK,6/7/2022,1.73,1.9,1.73,1.88,1.88,209800
OTRK,6/8/2022,1.8,1.88,1.76,1.83,1.83,217900
OTRK,6/9/2022,1.81,1.82,1.72,1.74,1.74,148200
OTRK,6/10/2022,1.71,1.71,1.57,1.62,1.62,237400
OTRK,6/13/2022,1.51,1.55,1.38,1.46,1.46,326900
OTRK,6/14/2022,1.45,1.49,1.35,1.4,1.4,156900
OTRK,6/15/2022,1.45,1.48,1.37,1.45,1.45,150000
OTRK,6/16/2022,1.4,1.4,1.28,1.36,1.36,166600
OTRK,6/17/2022,1.37,1.46,1.36,1.42,1.42,139900
OTRK,6/21/2022,1.44,1.47,1.35,1.37,1.37,215300
OTRK,6/22/2022,1.36,1.44,1.34,1.39,1.39,152200
OTRK,6/23/2022,1.39,1.45,1.3,1.45,1.45,142800
OTRK,6/24/2022,1.46,1.53,1.4,1.41,1.41,1364200
OTRK,6/27/2022,1.4,1.43,1.29,1.32,1.32,180700
OTRK,6/28/2022,1.32,1.37,1.2,1.2,1.2,271200
OTRK,6/29/2022,1.23,1.26,1.07,1.13,1.13,307400
OTRK,6/30/2022,1.12,1.12,1.06,1.06,1.06,145400
OTRK,7/1/2022,1.01,1.12,1.01,1.09,1.09,223700
OTRK,7/5/2022,1.05,1.14,1.02,1.14,1.14,207000
OTRK,7/6/2022,1.15,1.2,1.07,1.09,1.09,115300
OTRK,7/7/2022,1.1,1.39,1.1,1.34,1.34,300100
OTRK,7/8/2022,1.39,1.39,1.27,1.31,1.31,213200
OTRK,7/11/2022,1.28,1.3,1.1,1.12,1.12,332300
OTRK,7/12/2022,1.14,1.15,1.11,1.13,1.13,87700
OTRK,7/13/2022,1.11,1.13,1.1,1.12,1.12,194300
OTRK,7/14/2022,1.11,1.11,1.05,1.07,1.07,171800
OTRK,7/15/2022,1.08,1.08,0.99,1.01,1.01,305600
OTRK,7/18/2022,1.05,1.08,0.98,1.01,1.01,301700
OTRK,7/19/2022,1.02,1.05,0.96,0.97,0.97,626000
OTRK,7/20/2022,0.97,1.05,0.95,0.98,0.98,493900
OTRK,7/21/2022,0.98,0.98,0.91,0.92,0.92,439000
OTRK,7/22/2022,0.93,0.95,0.82,0.83,0.83,527900
OTRK,7/25/2022,0.84,0.85,0.76,0.76,0.76,455400
OTRK,7/26/2022,0.76,0.78,0.68,0.7,0.7,314000
OTRK,7/27/2022,0.7,0.7,0.67,0.68,0.68,261400
OTRK,7/28/2022,0.66,0.7,0.6,0.62,0.62,505700
OTRK,7/29/2022,0.64,0.66,0.6,0.65,0.65,320600
OTRK,8/1/2022,0.71,1.68,0.68,1.35,1.35,51880100
OTRK,8/2/2022,0.89,0.91,0.72,0.76,0.76,9523700
OTRK,8/3/2022,0.8,0.87,0.68,0.71,0.71,5401500
OTRK,8/4/2022,0.74,0.74,0.66,0.71,0.71,3154600
OTRK,8/5/2022,0.71,0.73,0.69,0.69,0.69,1262000
OTRK,8/8/2022,0.71,0.71,0.66,0.68,0.68,1721700
OTRK,8/9/2022,0.88,0.88,0.71,0.79,0.79,19032900
OTRK,8/10/2022,0.72,0.81,0.7,0.81,0.81,3333300
OTRK,8/11/2022,0.77,0.82,0.77,0.82,0.82,1519600
OTRK,8/12/2022,0.8,0.91,0.77,0.88,0.88,2982700
OTRK,8/15/2022,0.86,0.87,0.79,0.85,0.85,1156700
OTRK,8/16/2022,0.81,0.84,0.77,0.8,0.8,1146500
OTRK,8/17/2022,0.78,0.8,0.75,0.77,0.77,786800
OTRK,8/18/2022,0.77,0.78,0.73,0.74,0.74,746700
OTRK,8/19/2022,0.72,0.74,0.71,0.73,0.73,462400
OTRK,8/22/2022,0.71,0.74,0.66,0.67,0.67,536900
OTRK,8/23/2022,0.68,0.69,0.65,0.67,0.67,665000
OTRK,8/24/2022,0.67,0.7,0.67,0.69,0.69,326400
OTRK,8/25/2022,0.69,0.7,0.67,0.69,0.69,319400
OTRK,8/26/2022,0.7,0.7,0.65,0.65,0.65,450200
OTRK,8/29/2022,0.65,0.67,0.63,0.65,0.65,221500
OTRK,8/30/2022,0.65,0.68,0.63,0.66,0.66,323300
OTRK,8/31/2022,0.66,0.68,0.65,0.65,0.65,248500
OTRK,9/1/2022,0.65,0.71,0.64,0.7,0.7,615200
OTRK,9/2/2022,0.7,0.75,0.68,0.74,0.74,430800
OTRK,9/6/2022,0.76,0.76,0.69,0.7,0.7,291800
OTRK,9/7/2022,0.71,0.71,0.66,0.68,0.68,365000
OTRK,9/8/2022,0.68,0.71,0.66,0.71,0.71,272900
OTRK,9/9/2022,0.69,0.71,0.67,0.69,0.69,344900
OTRK,9/12/2022,0.69,0.71,0.68,0.69,0.69,266000
OTRK,9/13/2022,0.67,0.7,0.66,0.68,0.68,157400
OTRK,9/14/2022,0.66,0.69,0.65,0.67,0.67,340200
OTRK,9/15/2022,0.67,0.7,0.67,0.67,0.67,143400
OTRK,9/16/2022,0.67,0.69,0.63,0.63,0.63,331600
OTRK,9/19/2022,0.63,0.63,0.57,0.59,0.59,414000
OTRK,9/20/2022,0.56,0.63,0.55,0.6,0.6,319900
OTRK,9/21/2022,0.6,0.6,0.56,0.57,0.57,152300
OTRK,9/22/2022,0.57,0.58,0.54,0.55,0.55,186000
OTRK,9/23/2022,0.55,0.55,0.47,0.49,0.49,298100
OTRK,9/26/2022,0.48,0.51,0.46,0.49,0.49,204200
OTRK,9/27/2022,0.51,0.52,0.49,0.51,0.51,172900
OTRK,9/28/2022,0.52,0.54,0.49,0.5,0.5,140200
OTRK,9/29/2022,0.54,0.54,0.5,0.51,0.51,320700
OTRK,9/30/2022,0.51,0.51,0.46,0.47,0.47,208500
OTRK,10/3/2022,0.49,0.5,0.47,0.47,0.47,419500
OTRK,10/4/2022,0.5,0.51,0.46,0.49,0.49,497800
OTRK,10/5/2022,0.5,0.5,0.48,0.48,0.48,192600
OTRK,10/6/2022,0.46,0.49,0.46,0.48,0.48,165200
OTRK,10/7/2022,0.48,0.49,0.46,0.46,0.46,152900
OTRK,10/10/2022,0.48,0.49,0.45,0.46,0.46,113600
OTRK,10/11/2022,0.47,0.49,0.44,0.44,0.44,145800
OTRK,10/12/2022,0.43,0.48,0.42,0.43,0.43,108700
OTRK,10/13/2022,0.42,0.44,0.39,0.41,0.41,140500
OTRK,10/14/2022,0.41,0.45,0.39,0.4,0.4,172500
OTRK,10/17/2022,0.43,0.43,0.4,0.41,0.41,140700
OTRK,10/18/2022,0.42,0.44,0.4,0.42,0.42,139800
OTRK,10/19/2022,0.42,0.44,0.39,0.39,0.39,135100
OTRK,10/20/2022,0.39,0.42,0.39,0.4,0.4,69700
OTRK,10/21/2022,0.38,0.44,0.38,0.39,0.39,187600
OTRK,10/24/2022,0.41,0.41,0.36,0.37,0.37,104300
OTRK,10/25/2022,0.37,0.39,0.36,0.37,0.37,168200
OTRK,10/26/2022,0.37,0.41,0.37,0.38,0.38,252700
OTRK,10/27/2022,0.38,0.4,0.37,0.38,0.38,66900
OTRK,10/28/2022,0.38,0.4,0.36,0.38,0.38,144400
OTRK,10/31/2022,0.41,0.41,0.38,0.39,0.39,105900
OTRK,11/1/2022,0.41,0.41,0.37,0.37,0.37,86000
OTRK,11/2/2022,0.37,0.39,0.37,0.38,0.38,71100
OTRK,11/3/2022,0.38,0.39,0.37,0.37,0.37,120000
OTRK,11/4/2022,0.39,0.39,0.37,0.37,0.37,98700
OTRK,11/7/2022,0.39,0.4,0.36,0.4,0.4,90700
OTRK,11/8/2022,0.38,0.44,0.38,0.42,0.42,205900
OTRK,11/9/2022,0.43,0.44,0.36,0.38,0.38,164400
OTRK,11/10/2022,0.41,0.42,0.38,0.42,0.42,204300
OTRK,11/11/2022,0.43,0.48,0.41,0.45,0.45,311300
OTRK,11/14/2022,0.43,0.48,0.43,0.46,0.46,125800
OTRK,11/15/2022,0.47,0.48,0.45,0.45,0.45,109100
OTRK,11/16/2022,0.48,0.48,0.46,0.46,0.46,110200
OTRK,11/17/2022,0.48,0.48,0.46,0.46,0.46,103900
OTRK,11/18/2022,0.48,0.48,0.4,0.45,0.45,139500
OTRK,11/21/2022,0.47,0.47,0.42,0.43,0.43,56200
OTRK,11/22/2022,0.43,0.43,0.38,0.38,0.38,141100
OTRK,11/23/2022,0.4,0.41,0.36,0.39,0.39,236000
OTRK,11/25/2022,0.39,0.4,0.39,0.39,0.39,58000
OTRK,11/28/2022,0.38,0.4,0.36,0.36,0.36,92900
OTRK,11/29/2022,0.36,0.47,0.35,0.4,0.4,293500
OTRK,11/30/2022,0.45,0.47,0.39,0.43,0.43,463200
OTRK,12/1/2022,0.46,0.46,0.41,0.44,0.44,182400
OTRK,12/2/2022,0.44,0.44,0.41,0.42,0.42,106700
OTRK,12/5/2022,0.39,0.44,0.39,0.41,0.41,64500
OTRK,12/6/2022,0.41,0.42,0.4,0.41,0.41,40900
OTRK,12/7/2022,0.41,0.41,0.35,0.39,0.39,116100
OTRK,12/8/2022,0.39,0.4,0.36,0.36,0.36,177800
OTRK,12/9/2022,0.4,0.4,0.36,0.39,0.39,143600
OTRK,12/12/2022,0.37,0.39,0.37,0.38,0.38,86900
OTRK,12/13/2022,0.35,0.4,0.35,0.4,0.4,146400
OTRK,12/14/2022,0.39,0.4,0.36,0.37,0.37,156900
OTRK,12/15/2022,0.37,0.4,0.37,0.37,0.37,99200
OTRK,12/16/2022,0.36,0.4,0.36,0.36,0.36,194200
OTRK,12/19/2022,0.36,0.4,0.36,0.37,0.37,275400
OTRK,12/20/2022,0.38,0.4,0.36,0.38,0.38,95100
OTRK,12/21/2022,0.38,0.4,0.36,0.37,0.37,93200
OTRK,12/22/2022,0.36,0.39,0.35,0.37,0.37,121000
OTRK,12/23/2022,0.37,0.4,0.35,0.37,0.37,200600
OTRK,12/27/2022,0.36,0.39,0.36,0.37,0.37,60800
OTRK,12/28/2022,0.37,0.37,0.35,0.36,0.36,102800
OTRK,12/29/2022,0.37,0.38,0.36,0.36,0.36,140400
OTRK,12/30/2022,0.37,0.38,0.34,0.37,0.37,212400
OTRK,1/3/2023,0.35,0.38,0.34,0.36,0.36,158400
OTRK,1/4/2023,0.36,0.39,0.35,0.38,0.38,91400
OTRK,1/5/2023,0.39,0.39,0.36,0.38,0.38,74900
OTRK,1/6/2023,0.37,0.4,0.37,0.37,0.37,197500
OTRK,1/9/2023,0.39,0.41,0.38,0.4,0.4,130100
OTRK,1/10/2023,0.4,0.5,0.4,0.45,0.45,223500
OTRK,1/11/2023,0.51,0.73,0.5,0.63,0.63,6886100
OTRK,1/12/2023,0.63,0.64,0.55,0.56,0.56,941500
OTRK,1/13/2023,0.56,0.6,0.54,0.57,0.57,382500
OTRK,1/17/2023,0.59,0.59,0.55,0.57,0.57,197000
BTB,1/18/2022,6.15,6.24,5.58,6.075,6.075,56640
BTB,1/19/2022,6,6.15,5.595,5.925,5.925,50333
BTB,1/20/2022,6,6.255,5.58,5.7,5.7,44020
BTB,1/21/2022,5.535,5.7,5.19,5.475,5.475,69727
BTB,1/24/2022,5.475,5.52,4.14,5.085,5.085,145620
BTB,1/25/2022,4.65,5.4,4.59,5.34,5.34,52653
BTB,1/26/2022,5.4,5.625,5.22,5.28,5.28,39187
BTB,1/27/2022,5.4,5.535,5.115,5.25,5.25,25667
BTB,1/28/2022,5.13,5.685,5.1,5.31,5.31,21000
BTB,1/31/2022,5.31,6.75,5.28,6.15,6.15,68367
BTB,2/1/2022,6,6.72,5.97,6.075,6.075,46013
BTB,2/2/2022,6.405,6.735,6.09,6.3,6.3,40680
BTB,2/3/2022,6.495,6.495,6,6.015,6.015,22387
BTB,2/4/2022,6.225,6.735,6.015,6.3,6.3,42067
BTB,2/7/2022,6.45,6.75,6.24,6.6,6.6,43000
BTB,2/8/2022,6.6,7.32,6.45,6.825,6.825,22020
BTB,2/9/2022,6.75,7.35,6.15,6.555,6.555,58053
BTB,2/10/2022,6.555,6.81,6.36,6.45,6.45,40287
BTB,2/11/2022,6.585,6.585,6,6.075,6.075,27120
BTB,2/14/2022,6.15,6.15,5.7,5.91,5.91,24420
BTB,2/15/2022,5.85,6.105,5.73,6,6,21500
BTB,2/16/2022,6,6.51,5.775,6.27,6.27,48580
BTB,2/17/2022,6.075,6.3,6.075,6.135,6.135,10140
BTB,2/18/2022,6,6.15,5.73,5.85,5.85,19173
BTB,2/22/2022,5.85,5.85,5.25,5.385,5.385,40093
BTB,2/23/2022,5.445,5.7,5.175,5.25,5.25,18440
BTB,2/24/2022,4.575,5.07,4.575,4.935,4.935,115293
BTB,2/25/2022,4.8,5.25,4.8,5.145,5.145,23507
BTB,2/28/2022,5.1,5.715,4.95,5.7,5.7,89420
BTB,3/1/2022,5.85,6.15,5.25,5.4,5.4,107380
BTB,3/2/2022,5.25,5.61,5.25,5.37,5.37,22220
BTB,3/3/2022,5.4,5.58,5.115,5.115,5.115,26600
BTB,3/4/2022,5.16,5.16,4.845,5.1,5.1,29327
BTB,3/7/2022,5.01,5.1,4.5,4.725,4.725,57413
BTB,3/8/2022,4.785,5.25,4.515,4.89,4.89,23347
BTB,3/9/2022,4.95,5.175,4.89,4.95,4.95,39507
BTB,3/10/2022,4.95,5.07,4.8,4.83,4.83,13993
BTB,3/11/2022,4.86,5.22,4.35,4.5,4.5,42513
BTB,3/14/2022,4.425,4.515,4.275,4.305,4.305,22387
BTB,3/15/2022,4.425,4.5,4.245,4.38,4.38,20487
BTB,3/16/2022,4.695,4.95,4.59,4.815,4.815,68700
BTB,3/17/2022,4.8,5.595,4.8,5.34,5.34,60213
BTB,3/18/2022,5.55,5.7,4.98,5.49,5.49,49140
BTB,3/21/2022,5.385,5.535,5.145,5.25,5.25,25140
BTB,3/22/2022,5.25,5.55,5.22,5.4,5.4,25740
BTB,3/23/2022,5.355,5.7,5.115,5.37,5.37,38427
BTB,3/24/2022,5.64,6,5.325,5.85,5.85,107607
BTB,3/25/2022,5.73,5.775,5.295,5.58,5.58,33520
BTB,3/28/2022,5.805,5.97,5.37,5.925,5.925,101393
BTB,3/29/2022,5.76,5.925,5.7,5.835,5.835,41667
BTB,3/30/2022,5.85,5.85,5.55,5.7,5.7,30767
BTB,3/31/2022,5.685,5.685,4.635,5.1,5.1,56827
BTB,4/1/2022,5.22,5.4,5.115,5.175,5.175,24793
BTB,4/4/2022,5.13,5.25,4.95,5.25,5.25,21880
BTB,4/5/2022,5.1,5.79,4.665,5.13,5.13,118367
BTB,4/6/2022,5.025,5.22,4.575,5.025,5.025,55067
BTB,4/7/2022,5.28,5.28,4.35,4.575,4.575,95807
BTB,4/8/2022,4.515,5.025,4.515,4.8,4.8,26587
BTB,4/11/2022,4.8,4.83,4.215,4.5,4.5,42460
BTB,4/12/2022,4.68,4.68,4.35,4.365,4.365,25540
BTB,4/13/2022,4.365,4.635,4.365,4.5,4.5,27727
BTB,4/14/2022,4.62,4.8,4.44,4.725,4.725,34240
BTB,4/18/2022,4.8,4.8,4.29,4.425,4.425,19300
BTB,4/19/2022,4.605,4.725,4.35,4.605,4.605,19107
BTB,4/20/2022,4.65,4.86,4.5,4.8,4.8,31033
BTB,4/21/2022,4.845,5.49,4.8,5.07,5.07,87393
BTB,4/22/2022,5.055,5.325,5.055,5.235,5.235,35433
BTB,4/25/2022,5.145,5.625,5.025,5.55,5.55,70693
BTB,4/26/2022,5.475,5.475,4.995,5.04,5.04,44400
BTB,4/27/2022,5.1,5.46,5.04,5.175,5.175,25573
BTB,4/28/2022,5.1,5.4,5.01,5.16,5.16,25173
BTB,4/29/2022,5.25,5.475,4.98,4.995,4.995,47987
BTB,5/2/2022,4.98,5.67,4.68,5.4,5.4,131340
BTB,5/3/2022,5.415,6.225,5.4,6.15,6.15,706473
BTB,5/4/2022,6.135,6.345,5.61,6.135,6.135,112460
BTB,5/5/2022,6,6.135,5.64,5.91,5.91,81647
BTB,5/6/2022,5.55,5.91,5.55,5.7,5.7,29873
BTB,5/9/2022,5.4,5.7,5.04,5.19,5.19,122447
BTB,5/10/2022,5.13,5.55,5.04,5.22,5.22,46047
BTB,5/11/2022,5.055,5.295,4.95,5.1,5.1,22207
BTB,5/12/2022,4.965,5.685,4.965,5.175,5.175,25920
BTB,5/13/2022,5.25,5.595,5.145,5.25,5.25,20473
BTB,5/16/2022,5.295,5.595,4.965,5.34,5.34,8387
BTB,5/17/2022,5.46,5.595,5.265,5.475,5.475,17367
BTB,5/18/2022,5.4,5.625,5.1,5.115,5.115,20373
BTB,5/19/2022,5.175,5.37,5.13,5.13,5.13,10707
BTB,5/20/2022,5.115,5.22,4.95,5.025,5.025,31907
BTB,5/23/2022,5.25,5.52,4.89,5.01,5.01,8160
BTB,5/24/2022,5.1,5.1,4.785,4.89,4.89,9560
BTB,5/25/2022,4.815,4.95,4.8,4.86,4.86,16087
BTB,5/26/2022,5.085,5.085,4.665,4.995,4.995,41987
BTB,5/27/2022,4.65,5.25,4.65,4.95,4.95,75660
BTB,5/31/2022,5.355,5.385,5.01,5.145,5.145,15773
BTB,6/1/2022,4.995,5.295,4.95,5.175,5.175,2993
BTB,6/2/2022,5.175,5.325,5.055,5.205,5.205,3267
BTB,6/3/2022,5.025,5.25,5.025,5.16,5.16,1707
BTB,6/6/2022,5.235,5.295,5.1,5.115,5.115,6307
BTB,6/7/2022,5.115,5.475,5.04,5.25,5.25,46427
BTB,6/8/2022,5.265,5.7,5.1,5.55,5.55,28420
BTB,6/9/2022,5.385,6.315,5.325,5.43,5.43,299547
BTB,6/10/2022,5.415,5.55,4.44,5.175,5.175,54140
BTB,6/13/2022,5.205,5.205,4.8,4.95,4.95,30227
BTB,6/14/2022,4.8,5.13,4.65,4.65,4.65,20393
BTB,6/15/2022,4.8,4.965,4.5,4.53,4.53,31260
BTB,6/16/2022,4.5,4.8,4.485,4.65,4.65,11487
BTB,6/17/2022,4.65,5.1,4.65,4.695,4.695,4540
BTB,6/21/2022,4.725,5.1,4.725,4.95,4.95,12120
BTB,6/22/2022,4.89,5.01,4.725,4.815,4.815,12067
BTB,6/23/2022,4.965,5.085,4.53,4.83,4.83,20867
BTB,6/24/2022,5.235,5.235,4.77,4.785,4.785,29040
BTB,6/27/2022,4.77,4.95,4.755,4.785,4.785,8193
BTB,6/28/2022,4.83,5.1,4.65,4.71,4.71,5013
BTB,6/29/2022,4.65,4.785,4.425,4.47,4.47,22887
BTB,6/30/2022,4.47,4.8,4.47,4.5,4.5,5927
BTB,7/1/2022,4.725,4.785,4.44,4.485,4.485,11273
BTB,7/5/2022,4.455,4.65,4.455,4.59,4.59,13527
BTB,7/6/2022,4.635,4.665,4.485,4.605,4.605,3260
BTB,7/7/2022,4.77,4.785,4.53,4.605,4.605,9413
BTB,7/8/2022,4.5,4.815,4.5,4.68,4.68,14967
BTB,7/11/2022,4.605,4.875,4.47,4.5,4.5,28247
BTB,7/12/2022,4.605,4.8,4.605,4.68,4.68,7147
BTB,7/13/2022,4.65,4.77,4.59,4.59,4.59,16580
BTB,7/14/2022,4.8,5.025,4.59,4.755,4.755,26233
BTB,7/15/2022,4.665,4.98,4.62,4.92,4.92,9973
BTB,7/18/2022,4.65,5.1,4.65,5.04,5.04,14533
BTB,7/19/2022,4.89,5.37,4.89,5.085,5.085,15973
BTB,7/20/2022,5.25,5.25,4.86,4.92,4.92,20420
BTB,7/21/2022,4.905,5.37,4.8,4.995,4.995,12307
BTB,7/22/2022,5.01,5.04,4.725,4.785,4.785,7400
BTB,7/25/2022,4.8,4.95,4.725,4.725,4.725,9333
BTB,7/26/2022,4.74,4.815,4.65,4.68,4.68,41180
BTB,7/27/2022,4.68,4.95,4.68,4.755,4.755,7160
BTB,7/28/2022,4.935,4.935,4.665,4.695,4.695,8940
BTB,7/29/2022,4.695,4.875,4.485,4.65,4.65,11867
BTB,8/1/2022,4.545,4.8,4.485,4.635,4.635,7547
BTB,8/2/2022,4.575,4.755,4.515,4.695,4.695,4133
BTB,8/3/2022,4.56,4.785,4.56,4.59,4.59,7093
BTB,8/4/2022,4.56,4.95,4.56,4.8,4.8,38740
BTB,8/5/2022,4.8,4.8,4.575,4.65,4.65,11753
BTB,8/8/2022,4.59,4.8,4.575,4.65,4.65,9347
BTB,8/9/2022,4.65,4.695,4.41,4.5,4.5,22807
BTB,8/10/2022,4.95,4.95,4.395,4.5,4.5,103393
BTB,8/11/2022,4.65,4.725,4.5,4.725,4.725,19313
BTB,8/12/2022,4.8,4.95,4.65,4.8,4.8,26267
BTB,8/15/2022,4.665,4.92,4.515,4.695,4.695,5427
BTB,8/16/2022,4.515,4.65,4.515,4.635,4.635,11313
BTB,8/17/2022,4.665,4.8,4.44,4.53,4.53,17793
BTB,8/18/2022,4.44,4.62,4.425,4.575,4.575,21520
BTB,8/19/2022,4.5,4.65,4.5,4.53,4.53,24580
BTB,8/22/2022,4.5,4.5,4.32,4.35,4.35,18353
BTB,8/23/2022,4.5,4.56,4.2,4.335,4.335,122813
BTB,8/24/2022,3.795,3.855,3.39,3.72,3.72,127340
BTB,8/25/2022,3.15,3.285,2.955,3,3,187860
BTB,8/26/2022,3.15,3.15,2.565,2.82,2.82,35753
BTB,8/29/2022,2.82,2.91,2.685,2.85,2.85,20113
BTB,8/30/2022,2.925,2.925,2.745,2.835,2.835,17107
BTB,8/31/2022,2.85,2.85,2.64,2.7,2.7,18333
BTB,9/1/2022,2.82,2.82,2.55,2.595,2.595,13960
BTB,9/2/2022,2.55,2.595,2.475,2.475,2.475,15040
BTB,9/6/2022,2.475,2.475,2.4,2.4,2.4,31513
BTB,9/7/2022,2.445,2.55,2.355,2.4,2.4,24040
BTB,9/8/2022,2.55,2.55,2.265,2.415,2.415,11940
BTB,9/9/2022,2.46,2.61,2.415,2.58,2.58,17313
BTB,9/12/2022,2.7,2.715,2.58,2.685,2.685,15700
BTB,9/13/2022,2.67,2.67,2.55,2.595,2.595,7440
BTB,9/14/2022,2.55,2.55,2.46,2.505,2.505,13107
BTB,9/15/2022,2.475,2.55,2.34,2.49,2.49,7820
BTB,9/16/2022,2.505,2.505,2.325,2.4,2.4,6433
BTB,9/19/2022,2.4,2.4,2.25,2.28,2.28,6900
BTB,9/20/2022,2.34,2.34,2.235,2.265,2.265,9500
BTB,9/21/2022,2.19,2.325,2.19,2.25,2.25,1240
BTB,9/22/2022,2.205,2.25,1.98,2.1,2.1,18640
BTB,9/23/2022,2.085,2.145,1.68,2.145,2.145,26653
BTB,9/26/2022,2.085,2.16,1.875,1.875,1.875,4900
BTB,9/27/2022,2.205,2.205,1.95,2.025,2.025,3127
BTB,9/28/2022,2.025,2.1,1.98,2.055,2.055,3907
BTB,9/29/2022,2.1,2.1,1.62,2.01,2.01,13280
BTB,9/30/2022,1.965,2.01,1.71,1.995,1.995,6427
BTB,10/3/2022,2.01,2.01,1.68,1.68,1.68,259793
BTB,10/4/2022,3.975,6.495,3.9,4.8,4.8,12259147
BTB,10/5/2022,3.6,3.765,2.715,2.745,2.745,1195520
BTB,10/6/2022,2.775,2.82,2.265,2.4,2.4,413233
BTB,10/7/2022,2.325,2.625,2.325,2.4,2.4,169467
BTB,10/10/2022,2.34,2.43,2.265,2.28,2.28,99760
BTB,10/11/2022,2.295,2.61,2.295,2.475,2.475,229667
BTB,10/12/2022,2.7,2.76,2.295,2.31,2.31,240853
BTB,10/13/2022,2.4,2.52,2.265,2.4,2.4,167047
BTB,10/14/2022,2.475,2.475,2.31,2.4,2.4,66113
BTB,10/17/2022,2.325,2.46,2.325,2.385,2.385,38007
BTB,10/18/2022,2.4,2.43,2.25,2.295,2.295,68040
BTB,10/19/2022,2.295,2.325,2.22,2.295,2.295,55987
BTB,10/20/2022,2.25,2.4,2.205,2.31,2.31,27973
BTB,10/21/2022,2.25,2.4,2.25,2.31,2.31,36187
BTB,10/24/2022,2.25,2.43,2.235,2.415,2.415,30773
BTB,10/25/2022,2.46,2.46,2.325,2.385,2.385,25653
BTB,10/26/2022,2.4,2.445,2.325,2.37,2.37,25967
BTB,10/27/2022,2.43,2.43,2.325,2.355,2.355,10740
BTB,10/28/2022,2.43,2.43,2.25,2.325,2.325,19540
BTB,10/31/2022,2.445,2.445,2.205,2.205,2.205,57847
BTB,11/1/2022,2.19,2.28,2.115,2.145,2.145,22053
BTB,11/2/2022,2.175,2.25,2.1,2.115,2.115,32513
BTB,11/3/2022,2.16,2.205,2.085,2.13,2.13,15447
BTB,11/4/2022,2.175,2.205,1.8,1.95,1.95,308313
BTB,11/7/2022,2.01,2.1,1.845,1.935,1.935,54820
BTB,11/8/2022,1.95,2.37,1.905,2.13,2.13,288333
BTB,11/9/2022,2.205,2.235,1.995,2.13,2.13,50060
BTB,11/10/2022,2.235,2.235,2.175,2.235,2.235,15533
BTB,11/11/2022,2.19,2.325,2.115,2.295,2.295,16767
BTB,11/14/2022,2.28,2.295,2.175,2.19,2.19,22467
BTB,11/15/2022,2.175,2.55,2.175,2.52,2.52,39540
BTB,11/16/2022,2.505,2.505,2.265,2.34,2.34,13653
BTB,11/17/2022,2.445,2.445,2.355,2.43,2.43,13373
BTB,11/18/2022,2.43,2.475,2.265,2.295,2.295,9067
BTB,11/21/2022,2.265,2.565,2.265,2.475,2.475,229360
BTB,11/22/2022,2.64,2.76,2.475,2.715,2.715,119987
BTB,11/23/2022,2.745,3.045,2.595,2.925,2.925,108767
BTB,11/25/2022,2.835,3.3,2.835,3.27,3.27,104467
BTB,11/28/2022,3.03,4.8,3.03,4.215,4.215,393740
BTB,11/29/2022,4.245,5.04,4.245,4.65,4.65,218207
BTB,11/30/2022,4.515,4.8,4.515,4.56,4.56,111627
BTB,12/1/2022,4.485,4.8,4.215,4.485,4.485,304513
BTB,12/2/2022,4.35,5.535,4.35,5.37,5.37,270493
BTB,12/5/2022,4.965,6.3,4.725,5.25,5.25,301753
BTB,12/6/2022,5.7,6.03,5.625,5.85,5.85,90267
BTB,12/7/2022,5.94,7.785,5.85,7.05,7.05,467747
BTB,12/8/2022,7.56,8.4,5.76,6.15,6.15,302060
BTB,12/9/2022,6.06,6.9,5.7,6.9,6.9,144527
BTB,12/12/2022,6.165,7.35,6,7.275,7.275,118647
BTB,12/13/2022,7.47,8.1,6.975,7.95,7.95,102973
BTB,12/14/2022,7.2,7.32,4.305,5.115,5.115,631367
BTB,12/15/2022,5.27,6.36,5.09,6.33,6.33,257700
BTB,12/16/2022,6.97,8.1,6.52,7.8,7.8,354900
BTB,12/19/2022,7.85,10.41,6.25,10.41,10.41,951200
BTB,12/20/2022,9.565,11.16,8.96,10.83,10.83,237000
BTB,12/21/2022,11,11.74,9.75,10.55,10.55,173100
BTB,12/22/2022,10.18,10.18,8.86,9.63,9.63,100300
BTB,12/23/2022,9.36,10.39,9.07,9.53,9.53,90400
BTB,12/27/2022,9.75,10.48,8.21,8.42,8.42,84600
BTB,12/28/2022,8.42,9.17,8.42,8.85,8.85,112100
BTB,12/29/2022,8.69,9.785,8.51,9.71,9.71,60200
BTB,12/30/2022,9.57,10.78,9.57,10.63,10.63,115500
BTB,1/3/2023,10.75,11,10.139,10.91,10.91,105300
BTB,1/4/2023,10.76,11,10.563,11,11,42400
BTB,1/5/2023,10.86,10.86,10.03,10.55,10.55,30500
BTB,1/6/2023,10.3,10.95,10.3,10.63,10.63,33300
BTB,1/9/2023,10.52,11.9,10.38,10.69,10.69,497300
BTB,1/10/2023,11.07,11.18,10.4,10.99,10.99,254000
BTB,1/11/2023,11.1,12,10.51,11.14,11.14,65600
BTB,1/12/2023,11,11.5,10.95,11.5,11.5,40200
BTB,1/13/2023,11.16,11.4,8.35,9.38,9.38,200800
BTB,1/17/2023,9.42,10.21,5.01,6.64,6.64,3403800
